MinistryName,MinisterName,EventDate,EventTitle,EventLocation,EventParticipants
Ministério da Economia,Paulo Guedes,2020-03-16 10:00, Reunião-geral de secretários do Ministério da Economia,Local: Ministério da Economia – Bloco P,"['Daniella Marques - Assessora Especial de Assuntos Estratégicos', 'Marcelo Guaranys - Secretário Executivo', 'Cinara Lima - Chefe de Gabinete do Ministro da Economia', 'José Tostes - Secretário Especial da Receita Federal', 'Waldery Rodrigues - Secretário Especial de Fazenda', 'Carlos Da Costa - Secretário Especial de Produtividade e Competitividade', 'Yana Dumaresq - Secretária Especial do Comércio Exterior e Assuntos Internacionais - Adjunta', 'Paulo Uebel - Secretário Especial de Desburocratização', 'Gestão e Governo Digital', 'Idalício Silva - Secretário Especial de Desestatização', 'Desinvestimento e Mercados- Adjunto', 'Bruno Bianco - Secretário Especial de Previdência e Trabalho', 'Martha Seillier - Secretária Especial do Programa de Parceiras e Investimentos (PPI)', 'Marcelo Siqueira - Assessor Especial do Ministro', 'Bruno Travassos - Chefe da Assessoria  Especial  de Assuntos Parlamentares', 'Esteves Colnago - Chefe da Assessoria Especial de Relações Institucionais', 'Erica Andrade - Chefe da Assessoria Especial de Comunicação Social', 'Substituta', 'José Levi - Procurador-Geral da Fazenda Nacional', 'Vitor Saback - Assessor Especial do Ministro']"
Ministério da Economia,Paulo Guedes,2020-03-16 12:00,Almoço com os secretários especiais,Local: Ministério da Economia – Bloco P,"['Marcelo Guaranys - Secretário-Executivo       ', 'Daniella Marques - Chefe da Assessoria Assessora Especial de Assuntos Estratégicos     ', 'José Levi - Procurador-Geral da Fazenda Nacional', 'Martha Seillier - Secretária Especial do Programa de Parceiras e Investimentos (PPI)      ', 'José Tostes - Secretário Especial da Receita Federal', 'Waldery Rodrigues - Secretário Especial da Fazenda', 'Paulo Uebel - Secretário Especial de Desburocratização', 'Gestão e Governo Digital      ', 'Bruno Bianco - Secretário Especial de Previdência e Trabalho ', 'Esteves Colnago - Chefe da Assessoria Especial de Relações Institucionais', 'Marcelo Siqueira - Assessor Especial do Ministro            ', 'Samuel Kinoshita - Assessor Especial do Ministro em SP    ', 'Aloísio Araújo - Assessor Especial do Ministro  ']"
Ministério da Economia,Paulo Guedes,2020-03-16 14:30,"Reunião semanal com o secretário especial da Receita Federal, José Tostes",Local: Ministério da Economia – Bloco P,['anessa Canado – Assessora Especial do Ministro']
Ministério da Economia,Paulo Guedes,2020-03-16 16:30,"Reunião semanal com o secretário Especial de Fazenda, Waldery Rodrigues",Local: Ministério da Economia – Bloco P,"['Marcelo Guaranys - Secretário Executivo', 'Daniella Marques - Chefe da Assessoria Especial de Assuntos Estratégicos', 'Jeferson Bittencourt - Secretário Especial da Fazenda Adjunto', 'Caio Megale - Diretor de Programa', 'Adolfo Sachsida - Secretário de Política Econômica', 'Vladimir Teles - Subsecretário de Política Econômica', 'Aumara Feu - Secretaria de Avaliação', 'Planejamento', 'Energia e Loteria Adjunta', 'Pricilla Santana - Subsecretária de Relações Financeiras Intergovernamentais - STN', 'Bruno Funchal - Diretor de Programa', 'Gustavo Guimarães - Diretor de Programa', 'Gustavo Tillmann - Diretor de Programa', 'George Soares - Secretário de Orçamento Federal - SOF']"
Ministério da Economia,Paulo Guedes,2020-02-03 09:00,"Reunião com Martha Seillier, secretária especial do Programa de Parceiras e Investimentos (PPI)",Local: Ministério da Economia – Bloco P,N/A
Ministério da Economia,Paulo Guedes,2020-02-03 10:00,Reunião geral de secretários do Ministro da Economia,Local: Ministério da Economia – Bloco P,"['Marcelo Guaranys- Secretário-Executivo', 'Miguel Ragone - Secretário-Executivo Adjunto', 'Daniella Marques - Chefe da Assessoria Especial de Assuntos Estratégicos', 'Esteves Conalgo – Assessor Especial do Ministro', 'Cinara Lima - Chefe de Gabinete do Ministro da Economia', 'Ricardo Soriano - Secretário Especial da Receita Federal substituto', 'Ana Paula Bittencourt - Subprocuradora-Geral da Fazenda Nacional', 'Waldery Rodrigues - Secretário Especial de Fazenda', 'Jeferson Bittencourt - Secretário Especial de Fazenda adjunto', 'Adolfo Sachsida - Secretário de Política Econômica', 'Mansueto Almeida - Secretário do Tesouro Nacional', 'Diogo Mac Cord - Secretário Especial de Produtividade e Competitividade substituto', 'Bruno Portela - Secretário Especial de Produtividade e Competitividade adjunto', 'Marcos Troyjo - Secretário Especial do Comércio Exterior e Assuntos Internacionais', 'Yana Dumaresq - Secretário Especial do Comércio Exterior e Assuntos Internacionais adjunto', 'Paulo Uebel - Secretário Especial de Desburocratização', 'Gestão e Governo Digital', 'Gleisson Rubin - Secretário Especial de Desburocratização', 'Gestão e Governo Digital - Adjunto', 'Salim Mattar - Secretário Especial de Desestatização', 'Desinvestimento e Mercados', 'Idalício Silva - Secretário Especial de Desestatização', 'Desinvestimento e Mercados- Adjunto', 'Bruno Bianco - Secretário Especial de Previdência e Trabalho', 'Adjunto', 'Marcelo Siqueira - Assessor Especial do Ministro', 'Bruno Travassos - Chefe da Assessoria  Especial  de Assuntos Parlamentares', 'Vitor Saback - Assessor Especial do Ministro', 'Aloísio Araújo - Assessor Especial do Ministro', 'Samuel Kinoshita - Assessor Especial do Ministro em SP', 'Guilherme Afif - Assessor Especial do Ministro', 'Gabriela Valente - Chefe da Assessoria Especial de Comunicação Social', 'Marcelo Dias Varella - Assessor Especial']"
Ministério da Economia,Paulo Guedes,2020-02-03 13:00,Almoço com os secretários especiais,Local: Ministério da Economia – Bloco P,"['Marcelo Guaranys - Secretário-Executivo', 'Daniella Marques – Chefe da Assessoria Especial de Assuntos Estratégicos', 'José Barroso Tostes Neto - Secretário Especial da Receita Federal', 'Waldery Rodrigues - Secretário Especial da Fazenda', 'Marcos Troyjo - Secretário Especial do Comércio Exterior e Assuntos Internacionais', 'Paulo Uebel - Secretário Especial de Desburocratização', 'Gestão e Governo Digital', 'Salim Mattar -Secretário Especial de Desestatização', 'Desinvestimento e Mercados', 'Marcelo Siqueira - Assessor Especial do Ministro', 'Samuel Kinoshita - Assessor Especial do Ministro em SP']"
Ministério da Economia,Paulo Guedes,2020-02-03 14:00,"Reunião com Martha Seillier, secretária especial do Programa de Parceiras e Investimentos (PPI)",Local: Ministério da Economia – Bloco P,"['Martha Seillier', 'Secretária Especial do Programa de Parceiras e Investimentos (PPI)', 'Marcelo Guaranys - Secretário-Executivo', 'Daniella Marques - Assessora Especial de Assuntos Estratégicos', 'Salim Mattar - Secretário Especial de Desestatização', 'Desinvestimento e Mercados', 'Esteves Colnago - Chefe de Assessoria para Assuntos de Relações Institucionais', 'Marcelo Siqueira - Assessor Especial do Ministro', 'Gleisson Rubin - Secretário Especial de Desburocratização', 'Gestão e Governo Digital - Adjunto']"
Ministério da Economia,Paulo Guedes,2020-02-03 16:00,"Reunião semanal com o secretário especial de Desestatização, Desinvestimento e Mercados, Salim Mattar",Local: Ministério da Economia – Bloco P,"['Marcelo Guaranys - Secretário Executivo', 'Daniella Marques - Chefe da Assessoria Especial de Assuntos Estratégicos', 'Idalicio Silva - Secretário Especial de Desestatização', 'Desinvestimento e Mercados', 'Adjunto ', 'Eduardo Jorge - Diretor de Programa', 'Marina Santos - Diretora de Programa', 'Bruno Westin - Diretor de Programa', 'Bernardo Barbosa - Assessor']"
Ministério da Economia,Paulo Guedes,2020-02-03 17:00,"Reunião com o secretário especial da Receita Federal, José Barroso Tostes Neto",Local: Ministério da Economia – Bloco P,N/A
Ministério da Economia,Paulo Guedes,2020-02-03 18:00,"Reunião semanal com o secretário especial de Desburocratização, Gestão e Governo Digital, Paulo Uebel",Local: Ministério da Economia – Bloco P,"['Daniella Marques - Assessora Especial de Assuntos Estratégicos', 'Marcelo Guaranys - Secretário Executivo', 'Wagner Lenhart - Secretário de Gestão e Desempenho de Pessoal', 'Gleisson Rubin - Secretário Especial Adjunto de Desburocratização', 'Gestão e Governo Digital', 'Cristiano Heckert - Secretário de Gestão', 'Marcelo Siqueira - Assessor Especial do Ministro', 'Geanluca Lorenzon - Diretor de Programa', 'José Ziebarth - Diretor de Programa', 'Erika Melissa Nassar - Diretora de Programa']"
Ministério da Economia,Paulo Guedes,2020-02-03 19:00,"Reunião com o secretário especial de Fazenda, Waldery Rodrigues",Local: Ministério da Economia – Bloco P,"['Daniella Marques - Assessora Especial de Assuntos Estratégicos', 'Marcelo Guaranys - Secretário Executivo', 'Waldery Rodrigues - Secretário Especial da Fazenda', 'Jeferson Bittencourt - Secretário Especial da Fazenda Adjunto', 'Geraldo Julião - Secretário de Orçamento Federal', 'Alexandre Manoel - Secretário de Avaliação', 'Planejamento', 'Energia e Loteria', 'Mansueto Almeida - Secretário do Tesouro Nacional', 'Aumara Feu - Subsecretária da Subsecretaria de Avaliação de Gastos Diretos', 'Marcelo Siqueira - Assessor Especial do Ministro Filipe Aguiar - Assessor Especial da Fazenda', 'Rafaelo  Abritta - Assessor do Ministro', 'Caio Megale - Diretor de Programa', 'Bruno Funchal - Diretor de Programa', 'Gustavo Guimarães - Diretor de Programa', 'Gustavo Lobo - Diretor de Programa', 'Fabiana Rodopoulos - Diretora de Programa']"
Ministério da Economia,Paulo Guedes,2020-03-16 10:00, Reunião-geral de secretários do Ministério da Economia,Local: Ministério da Economia – Bloco P,"['Daniella Marques - Assessora Especial de Assuntos Estratégicos', 'Marcelo Guaranys - Secretário Executivo', 'Cinara Lima - Chefe de Gabinete do Ministro da Economia', 'José Tostes - Secretário Especial da Receita Federal', 'Waldery Rodrigues - Secretário Especial de Fazenda', 'Carlos Da Costa - Secretário Especial de Produtividade e Competitividade', 'Yana Dumaresq - Secretária Especial do Comércio Exterior e Assuntos Internacionais - Adjunta', 'Paulo Uebel - Secretário Especial de Desburocratização', 'Gestão e Governo Digital', 'Idalício Silva - Secretário Especial de Desestatização', 'Desinvestimento e Mercados- Adjunto', 'Bruno Bianco - Secretário Especial de Previdência e Trabalho', 'Martha Seillier - Secretária Especial do Programa de Parceiras e Investimentos (PPI)', 'Marcelo Siqueira - Assessor Especial do Ministro', 'Bruno Travassos - Chefe da Assessoria  Especial  de Assuntos Parlamentares', 'Esteves Colnago - Chefe da Assessoria Especial de Relações Institucionais', 'Erica Andrade - Chefe da Assessoria Especial de Comunicação Social', 'Substituta', 'José Levi - Procurador-Geral da Fazenda Nacional', 'Vitor Saback - Assessor Especial do Ministro']"
Ministério da Economia,Paulo Guedes,2020-03-16 12:00,Almoço com os secretários especiais,Local: Ministério da Economia – Bloco P,"['Marcelo Guaranys - Secretário-Executivo       ', 'Daniella Marques - Chefe da Assessoria Assessora Especial de Assuntos Estratégicos     ', 'José Levi - Procurador-Geral da Fazenda Nacional', 'Martha Seillier - Secretária Especial do Programa de Parceiras e Investimentos (PPI)      ', 'José Tostes - Secretário Especial da Receita Federal', 'Waldery Rodrigues - Secretário Especial da Fazenda', 'Paulo Uebel - Secretário Especial de Desburocratização', 'Gestão e Governo Digital      ', 'Bruno Bianco - Secretário Especial de Previdência e Trabalho ', 'Esteves Colnago - Chefe da Assessoria Especial de Relações Institucionais', 'Marcelo Siqueira - Assessor Especial do Ministro            ', 'Samuel Kinoshita - Assessor Especial do Ministro em SP    ', 'Aloísio Araújo - Assessor Especial do Ministro  ']"
Ministério da Economia,Paulo Guedes,2020-03-16 14:30,"Reunião semanal com o secretário especial da Receita Federal, José Tostes",Local: Ministério da Economia – Bloco P,['anessa Canado – Assessora Especial do Ministro']
Ministério da Economia,Paulo Guedes,2020-03-16 16:30,"Reunião semanal com o secretário Especial de Fazenda, Waldery Rodrigues",Local: Ministério da Economia – Bloco P,"['Marcelo Guaranys - Secretário Executivo', 'Daniella Marques - Chefe da Assessoria Especial de Assuntos Estratégicos', 'Jeferson Bittencourt - Secretário Especial da Fazenda Adjunto', 'Caio Megale - Diretor de Programa', 'Adolfo Sachsida - Secretário de Política Econômica', 'Vladimir Teles - Subsecretário de Política Econômica', 'Aumara Feu - Secretaria de Avaliação', 'Planejamento', 'Energia e Loteria Adjunta', 'Pricilla Santana - Subsecretária de Relações Financeiras Intergovernamentais - STN', 'Bruno Funchal - Diretor de Programa', 'Gustavo Guimarães - Diretor de Programa', 'Gustavo Tillmann - Diretor de Programa', 'George Soares - Secretário de Orçamento Federal - SOF']"
Ministério da Economia,Paulo Guedes,2020-03-09 10:00,Reunião-geral de secretários do Ministério da Economia,Local: Ministério da Economia – Bloco P,"['Marcelo Guaranys - Secretário-Executivo', 'Daniella Marques - Assessora Especial de Assuntos Estratégicos', 'Cinara Lima - Chefe de Gabinete do Ministro da Economia', 'José Levi - Procurador-Geral da Fazenda Nacional', 'Ricardo Soriano - Procurador-Geral da Fazenda Adjunto', 'Ana Paula Bittencourt - Subprocuradora-Geral da Fazenda Nacional', 'José Barroso Tostes Neto - Secretário Especial da Receita Federal', 'Waldery Rodrigues - assessor especial de Relações Institucionais', 'Esteves Colnago - assessor especial de Relações Institucionais', 'Adolfo Sachsida - Secretário de Política Econômica', 'Mansueto Almeida - Secretário do Tesouro Nacional', 'Carlos Da Costa - Secretário Especial de Produtividade e Competitividade', 'Bruno Portela - Secretário Especial de Produtividade e Competitividade - Adjunto', 'Marcos Troyjo - Secretário Especial do Comércio Exterior e Assuntos Internacionais', 'Yana Dumaresq - Secretário Especial do Comércio Exterior e Assuntos Internacionais Adjunto', 'Paulo Uebel  - Secretário Especial de Desburocratização', 'Gestão e Governo Digital', 'Gleisson Rubin - Secretário Especial de Desburocratização', 'Gestão e Governo Digital - Adjunto', 'Salim Mattar - Secretário Especial de Desestatização', 'Desinvestimento e Mercados', 'Rogério Marinho - Secretário Especial de Previdência e Trabalho', 'Bruno Bianco - Secretário Especial de Previdência e Trabalho', 'Adjunto ', 'Marcelo Siqueira - Assessor Especial do Ministro', 'Bruno Travassos - Chefe da Assessoria Especial de Assuntos Parlamentares', 'Vitor Saback - Assessor Especial do Ministro', 'Aloísio Araújo - Assessor Especial do Ministro ', 'Samuel Kinoshita - Assessor Especial do Ministro em SP', 'Gabriela Valente - Chefe da Assessoria Especial de Comunicação Social', '']"
Ministério da Economia,Paulo Guedes,2020-03-09 12:00,Almoço com os secretários especiais,Local: Ministério da Economia – Bloco P,"['Marcelo Guaranys - Secretário-Executivo', 'Daniella Marques - Assessora Especial de Assuntos Estratégicos', 'José Levi - Procurador-Geral da Fazenda Nacional', 'José Barroso Tostes Neto - Secretário Especial da Receita Federal', 'Waldery Rodrigues - Secretário Especial da Fazenda', 'Carlos Da Costa - Secretário Especial de Produtividade e Competitividade', 'Marcos Troyjo - Secretário Especial do Comércio Exterior e Assuntos Internacionais ', 'Paulo Uebel - Secretário Especial de Desburocratização', 'Gestão e Governo Digital ', 'Bruno Bianco - Secretário Especial de Previdência e Trabalho ', 'Salim Mattar - Secretário Especial de Desestatização', 'Desinvestimento e Mercados', 'Martha Seillier - Secretária Especial do Programa de Parceiras e Investimentos (PPI)', 'Esteves Colnago - assessor especial de Relações Institucionais ', 'Marcelo Siqueira - Assessor Especial do Ministro ', 'Samuel Kinoshita - Assessor Especial do Ministro em SP', 'Aloísio Araújo - Assessor Especial do Ministro ', 'Guilherme Afif - Assessor Especial do Ministro']"
Ministério da Economia,Paulo Guedes,2020-03-09 14:30,"Reunião semanal com o secretário especial de Desburocratização, Gestão e Governo Digital, Paulo Uebel",Local: Ministério da Economia – Bloco P,"['Marcelo Guaranys - Secretário Executivo ', 'Daniella Marques - Chefe da Assessoria Especial de Assuntos Estratégicos ', 'Marcelo Siqueira - Chefe da Assessoria Especial do Ministro ', 'Rafaelo Abritta - Assessor Especial do Ministro', 'Samuel Kinoshita - Assessor Especial ', 'Erika Melissa Nassar - Diretora de Programa da SE', 'Geanluca Lorenzon - Diretor de Programa SEDGG/ME', 'José Antônio Batista de Moura Ziebarth - Diretor SEDGG/ME', 'Vanessa Macedo - Diretora de Programa SEDGG/ME', 'Bruno Bondarovrky - Diretor de Programas SEDGG/ME', 'Gleisson Rubin - Secretário Especial Adjunto de Desburocratização', 'Gestão e Governo Digital - SEDGG/ME', 'Cristiano Heckert - Secretário de Gestão - SEGES/SEDGG/ME', 'Luis Felipe Salin - Secretário Governo Digital - SEDGG/ME', 'Wagner Lenhart - Secretário de Gestão e Desempenho de Pessoas - SEDGG/ME', '']"
Ministério da Economia,Paulo Guedes,2020-03-09 16:30,"Reunião semanal com o secretário de Previdência e Trabalho, Bruno Bianco",Local: Ministério da Economia – Bloco P,"['Marcelo Guaranys - Secretário Executivo', 'Daniella Marques - Chefe da Assessoria Especial de Assuntos Estratégicos ', 'Narlon Nogueira - Secretário de Previdência ', 'Leonardo Rolim - Presidente do INSS', 'Bruno Dalcomo - Secretário de Trabalho', 'Felipe Portela - Secretário Adjunto de Previdência e Trabalho', 'Marcelo Siqueira - Chefe da Assessoria Especial do Ministro', 'Rafaelo Abritta - Assessor Especial do Ministro', '']"
Ministério da Economia,Paulo Guedes,2020-03-09 18:30,"Reunião semanal com a secretaria especial de Comércio Exterior e Assuntos Internacionais substituta, Yana Dumaresq (Cancelada)",Local: Ministério da Economia – Bloco P,"['Marcelo Guaranys - Secretário Executivo', 'Substituto ', 'Daniella Marques - Chefe da Assessoria Especial de Assuntos Estratégicos   ', 'Samuel Kinoshita - Assessor Especial ', 'Marcelo Siqueira - Assessor Especial do Ministro ', 'Rafaelo Abritta - Assessor Especial do Ministro', 'Lucas Ferraz - Secretário de Comércio Exterior ', 'Erivaldo Gomes - Secretário de Assuntos Econômicos Internacionais', 'Carlos Pio - Secretário Executivo CAMEX ', 'Rodrigo Godinho - Assessor para Assuntos Econômicos e Internacionais ', 'Marcelo Souza - Diretor de Programa da SE', 'Kelvia Albuquerque - Diretora de Programa da SE', '']"
Ministério da Economia,Paulo Guedes,2020-03-02 10:00,Reunião-geral de secretários do Ministério da Economia,Local: Ministério da Economia – Bloco P,"['Daniella Marques - Chefe da Assessora Especial de Assuntos Estratégicos', 'Marcelo Guaranys - Secretário Executivo', 'Miguel Ragone - Secretário Executivo', 'Adjunto ', 'Cinara Lima - Chefe de Gabinete do Ministro da Economia', 'Ricardo Soriano - Procurador-Geral da Fazenda Adjunto', 'Ana Paula Bittencourt - Subprocuradora-Geral da Fazenda Nacional', 'José Tostes - Secretário Especial da Receita Federal', 'Waldery Rodrigues - Secretário Especial de Fazenda', 'Jeferson Bittencourt - Secretário Especial de Fazenda', 'Adjunto', 'Adolfo Sachsida - Secretário de Política Econômica', 'Mansueto Almeida - Secretário do Tesouro Nacional', 'Carlos Da Costa - Secretário Especial de Produtividade e Competitividade', 'Bruno Portela - Secretário Especial Adjunto de Produtividade e Competitividade', 'Substituto', 'Marcos Troyjo - Secretário Especial do Comércio Exterior e Assuntos Internacionais', 'Yana Dumaresq - Secretária Especial do Comércio Exterior e Assuntos Internacionais - Adjunta', 'Paulo Uebel - Secretário Especial de Desburocratização', 'Gestão e Governo Digital', 'Gleisson Rubin - Secretário Especial de Desburocratização', 'Gestão e Governo Digital - Adjunto', 'Salim Mattar - Secretário Especial de Desestatização', 'Desinvestimento e Mercados', 'Idalício Silva - Secretário Especial de Desestatização', 'Desinvestimento e Mercados- Adjunto', 'Bruno Bianco - Secretário Especial de Previdência e Trabalho', 'Martha Seillier - Secretária Especial do Programa de Parceiras e Investimentos (PPI)', 'Marcelo Siqueira - Assessor Especial do Ministro', 'Bruno Travassos - Chefe da Assessoria  Especial  de Assuntos Parlamentares', 'Vitor Saback - Assessor Especial do Ministro', 'Aloísio Araújo - Assessor Especial do Ministro', 'Samuel Kinoshita - Assessor Especial do Ministro em SP', 'Rafaelo Abritta\t- Assessor Especial do Ministro', 'Guilherme Afif - Assessor Especial do Ministro', 'Caio Megale - Diretor de Programa', 'Esteves Colnago - Chefe da Assessoria Especial de Relações Institucionais', 'Gabriela Valente - Chefe da Assessoria Especial de Comunicação Social', '']"
Ministério da Economia,Paulo Guedes,2020-03-02 12:00,Almoço com os secretários especiais,Local: Ministério da Economia – Bloco P,"['Marcelo Guaranys  - Secretário-Executivo', 'Daniella Marques – Chefe da Assessoria Especial de Assuntos Estratégicos', 'José Levi - Procurador-Geral da Fazenda Nacional', 'José Tostes - Secretário Especial da Receita Federal', 'Waldery Rodrigues - Secretário Especial da Fazenda', 'Carlos Da Costa      - Secretário Especial de Produtividade e Competitividade', 'Marcos Troyjo - Secretário Especial do Comércio Exterior e Assuntos Internacionais ', 'Paulo Uebel - Secretário Especial de Desburocratização', 'Gestão e Governo Digital ', 'Bruno Bianco - Secretário Especial de Previdência e Trabalho ', 'Salim Mattar - Secretário Especial de Desestatização', 'Desinvestimento e Mercados', 'Martha Seillier - Secretária Especial do Programa de Parceiras e Investimentos (PPI)', 'Esteves Colnago - Secretário Adjunto da Secretaria Especial da Fazenda ', 'Marcelo Siqueira - Assessor Especial do Ministro ', 'Samuel Kinoshita - Assessor Especial do Ministro em SP', 'Aloísio Araújo  - Assessor Especial do Ministro ', 'Guilherme Afif  - Assessor Especial do Ministro']"
Ministério da Economia,Paulo Guedes,2020-03-02 14:00,"Reunião com o presidente da República, Jair Bolsonaro",Local: Palácio do Planalto,N/A
Ministério da Economia,Paulo Guedes,2020-03-02 16:30,"Reunião com o secretário especial da Receita Federal, José Tostes",Local: Ministério da Economia – Bloco P,"['Marcelo Guaranys - Secretário Executivo', 'Daniella Marques - Assessora Especial de Assuntos Estratégicos', 'Vanessa Canado  - Assessora Especial para Assuntos Parlamentares']"
Ministério da Economia,Paulo Guedes,2020-03-02 17:30,"Reunião semanal com o secretário especial de Fazenda, Waldery Rodrigues",Local: Ministério da Economia – Bloco P,"['Marcelo Guaranys  - Secretário Executivo ', 'Miguel Ragone         - Secretário Executivo Adjunto', 'Jeferson Bittencourt - Secretário Especial da Fazenda Adjunto', 'Caio Megale - Diretor de Programa ', 'Adolfo Sachsida  - Secretário de Política Econômica', 'Vladimir Teles - Secretário de Política Econômica Adjunto', 'Aumara Feu - Secretaria de Avaliação', 'Planejamento', 'Energia e Loteria Adjunta', 'Mansueto Almeida - Secretário do Tesouro Nacional ', 'Otavio Ladeira - Secretário do Tesouro Nacional Adjunto', 'Bruno Funchal - Diretor de Programa', 'Julio Cesar Costa Pinto - Diretor de Programa', 'Gustavo Guimarães - Diretor de Programa', 'George Soares  - Secretário de Orçamento Federal - SOF', 'Gustavo Lobo  - Diretor de Programa da SE ', 'Marcelo Siqueira  - Assessor Especial do Ministro ', 'Rafaelo Abritta  - Assessor Especial do Ministro', '']"
Ministério da Economia,Paulo Guedes,2020-03-02 19:00,"Reunião semanal com o secretário de Desestatização, Desinvestimento e Mercados, Salim Mattar",Local: Ministério da Economia – Bloco P,"['Marcelo Siqueira - Assessor Especial do Ministro ', 'Rafaelo Abritta - Assessor Especial do Ministro ', 'Waldery Rodrigues - Secretário Especial de Fazenda', 'Miguel Ragone - Secretário-Executivo Adjunto', 'Jose Levi - Procurador Geral da Fazenda', 'Ana Paulo Bittencourt - Procuradora Geral da Fazenda Adjunta', 'George Soares - Secretário de Orçamento Federal', 'Idalício Silva - Secretário-adjunto SEDDM', 'Amaro Gomes - Secretário SEST', 'Igor Matos - Assessor/SEDDM', 'Bruno Westing - Diretor SEDDM', 'Daniel Cunha - Diretor SEDDM', 'Danilo Medeiros - Diretor de Programa substituto SEDDM', 'Caio Megale - Diretor de Programa', 'André Garcia - Diretor de Programa SE/ME', '']"
Ministério da Economia,Paulo Guedes,2020-03-12 10:00,Reunião com os secretários do Ministério da Economia,N/A,"['Marcelo Pacheco dos Guaranys - Secretário Executivo SE/ME', 'Miguel Ragone de Mattos - Secretário Executivo Adjunto SE/ME', 'Daniella Marques Consentino - Chefe da Assessoria Especial de Assuntos Estratégicos ME ', 'Cinara Lima – Chefe de Gabinete do Ministro da Economia ', 'José Levi - Procurador-Geral da PGFN  ', 'José Barroso Tostes Neto - Secretário Especial da Receita Federal do Brasil ', 'Waldery Rodrigues – Secretário Especial da Fazenda ', 'Mansueto Almeida – Secretário do Tesouro Nacional ', 'Bruno Bianco Leal - Secretário Especial de Previdência e Trabalho ', 'Carlos Alexandre Jorge Da Costa - Secretário Especial de Produtividade', 'Emprego e Competitividade ', 'Paulo Antônio Spencer Uebel - Secretário Especial de Desburocratização', 'Gestão e Governo Digital ', 'Tolio Edeo Ribeiro - Subsecretário de Desenvolvimento da Indústria', 'Comércio', 'Serviços e Inovação/SEPEC', 'Adolfo Sachsida  -Secretário de Política Econômica da Fazenda', 'Esteves Pedro Colnago Junior - Chefe da Assessoria Especial de Relações Institucionais ', 'Marcelo Siqueira - Chefe da Assessoria Especial do Ministro']"
Ministério da Economia,Paulo Guedes,2020-03-12 11:30,"Reunião com o secretário especial de Produtividade, Emprego e Competitividade, Carlos Da Costa",Local: Ministério da Economia – Bloco P,"['Daniella Marques – Chefe da Assessoria Especial de Assuntos Estratégicos', 'Ronaldo Neves de Moura - Chefe de Gabinete da Agência Nacional de Telecomunicações', 'Egon Cervieri – Assessor da Agência Nacional de Telecomunicações', 'Marcelo Guaranys – Secretário Executivo', 'Diogo Mac Cord – Secretário de Desenvolvimento da Infraestrutura ', 'Cesar Mattos - Secretário de Advocacia da Concorrência e Competitividade', 'Yana Dumaresq – Secretária Especial do Comércio Exterior e Assuntos Internacionais', 'Adjunta', 'Martha Seillier - Secretária Especial do Programa de Parcerias de Investimentos – SPPI', 'Marcelo Siqueira – Chefe da Assessoria Especial do Ministro', 'Marcelo Souza – Diretor de Programa da SE (a pedido da SE)', 'Lua Selene da Silva Almeida – Assessora da Secretaria Especial do Programa de Parcerias de Investimentos - SPPI', 'Elisa Fraga - Assessora da SECINT', '']"
Ministério da Economia,Paulo Guedes,2020-03-12 14:30,Audiência com a professora Rita de La Feria – Leeds Universty,Local: Ministério da Economia – Bloco P,N/A
Ministério da Economia,Paulo Guedes,2020-03-12 15:30,"Audiência com o Ceo Global da Huawei, Ken Hu ",Local: Ministério da Economia - Bloco P,"['Ronaldo Neves de Moura - Chefe de Gabinete da Agência Nacional de Telecomunicações', 'Marcelo Guaranys – Secretário Executivo', 'Diogo Mac Cord – Seretário de Desenvolvimento da Infraestrutura ', 'Cesar Matos - Secretário de Advocacia da Concorrência e Competitividade', 'Yana Dumaresq – Secretária Especial do Comércio Exterior e Assuntos Internacionais', 'Adjunta', 'Elisa Fraga – Assessora SECINT', 'Martha Seillier - Secretária Especial do Programa de Parcerias de Investimentos – SPPI', 'Marcelo Siqueira – Chefe da Assessoria Especial do Ministro', 'Marcelo Souza – Diretor de Programa da SE (a pedido da SE)', 'Lua Selene da Silva Almeida – Assessora da Secretaria Especial do Programa de Parcerias de Investimentos – SPPI', 'Yao Wei', 'Presidente da Huawei Brasil', 'Steven Shenjianfeng', 'Vice-Presidente de Relações Institucionais', 'Atilio Ruli', 'Diretor Sênior de Relações Governamentais', 'Zhouzhilei – Presidente América Latina ', 'Sunbaocheng – Presidente de Carrier Business ', 'Zhuli – Assistente da Vice Presidência', '']"
Ministério da Economia,Paulo Guedes,2020-03-13 09:00,"Reunião com os presidentes do Banco do Brasil, Rubem Novaes, da Caixa Econômica Federal, Pedro Guimarães, e do Banco Central, Roberto Campos Neto (call)",Local: Ministério da Economia – Bloco P,"['Daniella Marques – Chefe da Assessoria Especial de Assuntos Estratégicos', 'Marcelo Guaranys – Secretário Executivo  ', 'Esteves Colnago – Chefe da Assessoria Especial de Relações Institucionais', 'Waldery Rodrigues - Secretário Especial de Fazenda', 'José Levi do Amaral - Procurador-Geral da Fazenda Nacional', 'Mansueto Almeida – Secretário do Tesouro Nacional ', 'Marcelo Siqueira - Assessor Especial do Ministro']"
Ministério da Economia,Paulo Guedes,2020-03-13 10:30,"Reunião com Braga Netto, ministro-chefe da Casa Civil",Local: Palácio do Planalto,N/A
Ministério da Economia,Paulo Guedes,2020-03-13 17:30,Reunião com Eduardo Bartolomeo - Diretor-Presidente da Vale S.A. (cancelada),Local: Ministério da Economia no Rio de Janeiro – RJ,"['Luiz Eduardo Osório – Vice-Presidente da Vale S.A', 'Caio Megale – Diretor de Programa Secretaria Especial de Fazenda']"
Ministério da Economia,Paulo Guedes,2020-03-11 09:00,Reunião com os senadores Márcio Bittar (MDB-AC) e Oriovisto Guimarães (Podemos-PR),Local: Ministério da Economia - Bloco P,"['Waldery Rodrigues – Secretário Especial de Fazenda ', 'Jeferson Bittencourt – Secretário Especial de Fazenda', 'Adjunto', 'Esteves Colnago - Chefe da Assessoria Especial de Relações Institucionais do Ministério da Economia', 'Vitor Saback – Assessor Especial do Ministro', 'Silvio Holanda – Assessor Econômico do Senador Oriovisto', 'Antonio Silva Neto – Assessor do Senador Márcio Bittar', '', '']"
Ministério da Economia,Paulo Guedes,2020-03-11 10:00,"Reunião com o presidente da República, Jair Bolsonaro",Local: Palácio do Planalto,N/A
Ministério da Economia,Paulo Guedes,2020-03-11 15:00,"Reunião com o ministro da Infraestrutura, Tarcísio Freitas ",Local: Ministério da Economia - Bloco P,"['Marcelo Guaranys – Secretário Executivo ', 'Daniella Marques – Assessora Especial de Assuntos Estratégicos ', 'Bruno Bianco – Secretário Especial de Previdência e Trabalho ', 'Carlos Da Costa - Secretário Especial de Produtividade e Competitividade', 'Diogo Mac Cord – Secretário de Desenvolvimento da Infraestrutura', 'César Mattos – Secretário de Advocacia da Concorrência e Competitividade ', 'José Levi – Procurador-Geral da Fazenda Nacional', 'Esteves Colnago - Chefe da Assessoria Especial de Relações Institucionais', 'Marcelo Siqueira – Assessor Especial do Ministro', '']"
Ministério da Economia,Paulo Guedes,2020-03-11 16:00,"Reunião com o Advogado-Geral da União, André Luiz de Almeida Mendonça (Cancelada)",Local: Ministério da Economia - Bloco P,N/A
Ministério da Economia,Paulo Guedes,2020-03-11 17:00,Reunião com o deputado federal Celso Maldaner (MDB-SC),Local: Ministério da Economia - Bloco P,"['Roberto Campos Neto - Presidente do Banco Central do Brasil', 'Waldery Rodrigues – Secretário Especial de Fazenda ', 'Daniella Marques – Chefe da Assessoria Especial de Assuntos Estratégicos do Ministério da Economia', 'Esteves Colnago - Chefe da Assessoria Especial de Relações Institucionais do Ministério da Economia', 'Bruno Travassos – Chefe da Assessoria Especial de Assuntos Parlamentares do Ministério da Economia', 'Maurício Costa de Moura - Diretor de Relacionamento', 'Cidadania e Supervisão de Conduta do Banco Central', '', '']"
Ministério da Economia,Paulo Guedes,2020-03-11 18:00,Reunião com o senador Ciro Nogueira (PP-PI) e com a senadora Daniella Ribeiro (PP-PB),Local: Ministério da Economia - Bloco P,"['Daniella Marques – Chefe da Assessoria Especial de Assuntos Estratégicos ', 'Esteves Colnago - Chefe da Assessoria Especial de Relações Institucionais', 'Vitor Saback – Assessor Especial do Ministro', '', '']"
Ministério da Economia,Paulo Guedes,2020-03-06 10:00,"Audiência com o secretário executivo do Conselho Empresarial Brasil-China, Roberto Fendt",Local: Ministério da Economia no Rio de Janeiro - RJ,N/A
Ministério da Economia,Paulo Guedes,2020-03-06 11:00,"Audiência com o economista-chefe para Brasil no Banco Barclays em Nova York, Roberto Secemski",Local: Ministério da Economia no Rio de Janeiro - RJ,"['Juan Prada – Strategist BARCLAYS', 'Nathan Nascimento BLACKROCK INVESTMENT MANAGEMENT ', 'Francisco Campos-Ortiz - LatAm economista PRUDENTIAL INVESTMENT MANAGEMENT', 'Jason Lupatkin - Head of markets THIEL MACRO LLC', 'Mirella Sampaio - Senior economist ITAU ASSET MANAGEMENT', 'Pablo Salgado - BAHIA ASSET ', 'Caio Megale – Diretor de Programa Secretaria Especial de Fazenda', '']"
Ministério da Economia,Paulo Guedes,2020-03-06 12:00,"Reunião com o diretor de Infraestrutura, Concessões e PPPs do BNDES, Fábio Abrahão",Local: Ministério da Economia no Rio de Janeiro - RJ,"['Leonardo Cabral - Diretor de Estruturação de Empresas e Desinvestimento', 'Márcio Fróes - Gerente da Área de Estruturação de Empresas e Desinvestimento', 'Eduardo Santos da Costa – Chefe de Departamento – Área de Estruturação de Projetos e Parcerias de Investimentos', 'André Pompeo – Gerente da Área de Energia', 'Caio Megale – Diretor de Programa Secretaria Especial de Fazenda']"
Ministério da Economia,Paulo Guedes,2020-03-06 15:00,"Audiência com o presidente-executivo do Instituto Aço Brasil, Marco Polo de Mello, e lideranças empresariais",Local: Ministério da Economia no Rio de Janeiro - RJ,"['Marcos Troyjo – Secretário Especial de Comércio Exterior e Assuntos Internacionais', 'Gustavo Ene - Secretário de Desenvolvimento da Indústria', 'Comércio', 'Serviços e Inovação', 'Caio Megale – Diretor de Programa Secretaria Especial de Fazenda', 'José Ricardo Roriz Coelho – Presidente da Associação Brasileira da Indústria do Plástico (ABIPLAST)', 'Fernando Valente Pimentel – Presidente da Associação Brasileira da Indústria Têxtil e de Confecção (ABIT)', 'José Velloso Dias Cardoso – Presidente-Executivo da Associação Brasileira da Indústria de Máquinas e Equipamentos (ABIMAQ)', 'José Augusto de Castro – Presidente da Associação de Comércio Exterior do Brasil (AEB)', 'Antonio Sérgio Martins Mello –Vice- Presidente da Associação Nacional dos Fabricantes de Veículos Automotores (ANFAVEA)', 'Ciro Marino – Presidente-Executivo da Associação Brasileira da Indústria Química (ABIQUIM)', 'José Carlos Rodrigues Martins – Presidente da Câmara Brasileira da Indústria da Construção (CBIC)', 'Haroldo Ferreria – Presidente-Executivo da Associação Brasileira das Indústrias de Calçados (ABICALÇADOS)', 'Synésio Batista da Costa – Presidente da Associação Brasileira dos Fabricantes de Brinquedos (ABRINQ)', 'Elizabeth de Carvalhaes – Presidente Executiva da Associação da Indústria Farmacêutica de Pesquisa (INTERFARMA)', 'Paulo Camillo Penna – Presidente do Sindicato Nacional da Indústria do Cimento (SNIC)', 'Reginaldo Arcuri – Presidente Executivo do Grupo FarmaBrasil (FARMABRASIL)', 'Cristina Yuan – Diretora de Assuntos Institucionais do Instituto Aço Brasil (AÇO BRASIL)', 'Débora Oliveira -  Diretora de Comunicação e Relações Institucionais do Instituto Aço Brasil (AÇO BRASIL)']"
Ministério da Economia,Paulo Guedes,2020-03-06 17:00,"Reunião com a superintendente da Susep, Solange Vieira",Local: Ministério da Economia no Rio de Janeiro - RJ,N/A
Ministério da Economia,Paulo Guedes,2020-03-03 09:00,"Reunião com o presidente do Banco do Brasil, Rubem Novaes ",Local: Ministério da Economia – Bloco P,"['Secretário Executivo  ', 'Esteves Colnago – Chefe da Assessoria Especial de Relações Institucionais', 'Waldery Rodrigues - Secretário Especial de Fazenda', 'Salim Mattar - Secretário Especial de Desestatização e Desinvestimento', 'Marcelo Siqueira - Assessor Especial do Ministro', 'Guilherme Afif – Assessor Especial do Ministro', '']"
Ministério da Economia,Paulo Guedes,2020-03-03 10:30,Reunião com representantes de organizações civis (Cancelada),Local: Ministério da Economia – Bloco P,"['Adelaide De Oliveira – VemPraRua', 'Afonso Lembi – Aliança Brasil (antiga Aliança Nacional do Movimentos Democráticos)', 'Celina Gonçalves Ferreira – VemPraRua', 'Alessandro – ONM – Organização Nacional dos Movimentos', 'Gabriel Kanner – Brasil 200', 'Henrique Paixão - Insper', 'Ian Garcez - MBL', 'Marcos Lopes – Secovi', 'Renan Santos - MBL', 'Renato Sella– VemPraRua', 'Renato Dias – Ranking Políticos', 'Daniella Marques – Chefe da Assessoria Especial de Assuntos Estratégicos ', 'Vanessa Canado – Assessora Especial do Ministro ', 'Sando Vargas – Subsecretário de Tributação – RFB ', 'Jonathan Formiga – Subsecretário de Fiscalização – RFB']"
Ministério da Economia,Paulo Guedes,2020-03-03 14:30,"29° Reunião do Conselho de Governo com o presidente da República, Jair Bolsonaro",Local: Palácio do Planalto,N/A
Ministério da Economia,Paulo Guedes,2020-03-03 18:30,"Reunião semanal com o secretário especial de Produtividade, Emprego e Competitividade, Carlos Da Costa",Local: Ministério da Economia – Bloco P,"['Secretário Executivo', 'Daniella Marques -Chefe da Assessoria Especial de Assuntos Estratégicos', 'Bruno Portela - Secretário Adjunto da Secretaria de Produtividade', 'Emprego e Competitividade', 'Gustavo Ene - Secretário de Desenvolvimento da Indústria', 'Comércio', 'Serviços e Inovação ', 'Diogo Mac Cord - Secretário de Desenvolvimento e Infraestrutura', 'César Mattos - Secretário de Advocacia da Concorrência e Competitividade\t', 'Rodrigo Zarbone - Subsecretário de Capital Humano ', 'Jorge Hargrave - Diretor de Programa', 'Marcelo Souza - Diretor de Programa- SE/ME']"
Ministério da Economia,Paulo Guedes,2020-03-10 11:00,"Audiência com Andres Cardó, representante do Grupo de Mídia Unidad Editorial",Local: Ministério da Economia - Bloco P,"['Yana Dumaresq – Secretária Especial de Comércio Exterior e Assuntos Internacionais Substituta', 'Rodrigo Godinho – Assessor Especial para Assuntos Internacionais do Ministério da Economia', '']"
Ministério da Economia,Paulo Guedes,2020-03-10 11:30,"Reunião com o presidente do BNDES, Gustavo Montezano",Local: Ministério da Economia - Bloco P,"['Daniella Marques – Chefe da Assessoria Especial de Assuntos Estratégicos ', 'Marcelo Guaranys – Secretário-Executivo ', 'Fabio Almeida Abrahão - Diretoria de Infraestrutura', 'Concessões e PPPs ', 'Petrônio Duarte Cançado - Diretoria de Crédito e Garantia', 'Salim Mattar - Secretário Especial de Desestatização e Desinvestimento - ME ', 'José Levi do Amaral - Procurador-Geral da Fazenda Nacional', 'Waldery Rodrigues – Secretário Especial de Fazenda ', 'Marcelo Siqueira – Assessor Especial do Ministro ', '']"
Ministério da Economia,Paulo Guedes,2020-03-10 17:00,"Reunião com o ministro da Infraestrutura, Tarcísio Freitas (Cancelada)",Local: Ministério da Economia - Bloco P,"['Marcelo Guaranys – Secretário Executivo ', 'Daniella Marques – Chefe da Assessoria Especial de Assuntos Estratégicos ', 'Carlos da Costa - Secretário Especial de Produtividade e Competitividade', 'Diogo Mac Cord – Secretário de Desenvolvimento da Infraestrutura', 'César Mattos – Secretário de Advocacia da Concorrência e Competitividade ', 'José Levi – Procurador-Geral da Fazenda Nacional', 'Esteves Colnago - Chefe da Assessoria Especial de Relações Institucionais', 'Marcelo Siqueira – Assessor Especial do Ministro', '']"
Ministério da Economia,Paulo Guedes,2020-03-10 18:00,"Reunião com o secretário especial de Fazenda, Waldery Rodriges",Local: Ministério da Economia - Bloco P,"['Adolfo Sachsida - Secretário de Política Econômica', 'Marcos Kohler - Subsecretário de Direito Econômico', 'Pedro Miranda - Subsecretário de Política Microeconômica e Financiamento de Infraestrutura', 'Rogério Boueri - Subsecretário de Política Agrícola e Meio Ambiente', 'Marco Cavalcanti - Subsecretário de Política Fiscal', 'Vladimir Teles - Subsecretário de Política Macroeconômica', '']"
Ministério da Economia,Paulo Guedes,2020-03-05 10:00,Lançamento do Conselho Superior Diálogo pelo BRASIL ,Local: Sede da Fiesp – São Paulo - SP,N/A
Ministério da Economia,Paulo Guedes,2020-03-05 12:30,"Almoço com o presidente da Fiesp, Paulo Skaf",Local: Sede da Fiesp – São Paulo - SP,N/A
Ministério da Economia,Paulo Guedes,2020-03-05 15:30,Audiência com representantes empresariais ,Local: Ministério da Economia em São Paulo - SP,"['David Feffer – Presidente Executivo da Suzano Holding e Presidente do Conselho de Administração da Suzano S.A.  ', 'Pedro Wongtschowshi - Presidente do Conselho de Administração da Ultrapar', 'Raul Calfat – Presidente do Conselho da Ache ', 'Salo Seibel – Presidente do Conselho da Duratex', 'Dan Iochpe – Presidente do Conselho da Ioschpe', 'Pedro Passos – Co-Presidente do Conselho de Administração da Natura CO', 'Horácio Piva – Presidente do Conselho da Klabin', 'Samuel Kinoshita – Assessor Especial do Ministro ', 'Vanessa Canado – Assessora Especial do Ministro', '']"
Ministério da Economia,Paulo Guedes,2020-03-04 09:30,"Audiência com o professor de Direito Financeiro da Universidade de São Paulo (USP), Heleno Torres",Local: Ministério da Economia – Bloco P,"['Roberto Campos – Presidente do Banco Central', 'José Tostes – Secretário Especial da Receita Federal ', 'Vanessa Canado – Assessora Especial do Ministro']"
Ministério da Economia,Paulo Guedes,2020-03-04 11:00,"Cerimônia de posse da secretária especial de Cultura do Ministério do Turismo, Regina Duarte (CANCELADA)",Local: Palácio do Planalto,N/A
Ministério da Economia,Paulo Guedes,2020-03-04 14:30,"Reunião com o governador do Estado de Minas Gerais, Romeu Zema",Local: Ministério da Economia – Bloco P,"['Gustavo Barbosa', 'Secretário de Fazenda de Minas Gerais (MG)                                                     Salim Mattar', 'Secretário Especial de Desestatização e Desinvestimento', 'Mansueto Almeida', 'Secretário do Tesouro Nacional', 'Ana Paula Bitencourt', 'Subprocuradora-Geral da Fazenda', 'Pricilla Santana', 'Subsecretária de Relações Financeiras Intergovernamentais', 'Bruno Funchal', 'Diretor de Programa', 'Gustavo Guimarães', 'Diretor de Programa', 'Andreia Senko', 'Chefe de Gabinete da Secretaria de Fazenda de Minas Gerais (MG)']"
Ministério da Economia,Paulo Guedes,2020-03-04 16:00,Solenidade de lançamento da Agenda + Brasil ,Local: Palácio do Planalto,N/A
Ministério da Economia,Paulo Guedes,2020-03-04 17:00,"Reunião com o ministro da Fazenda do Paraguai, Benigno Mária Lopez ",Local: Ministério da Economia – Bloco P,"['Marcos Troyjo – Secretário Especial de Comércio Exterior e Assuntos Internacionais', 'Rodrigo Godinho – Assessor para Assuntos Econômico e Internacionais']"
Ministério da Economia,Paulo Guedes,2020-01-02 00:00,Em período de férias (02/01/2020 a 10/01/2020),N/A,"[' Pacheco dos Guaranys', 'Secretário Executivo do Ministério da Economia', '', 'Agenda disponível em: www.economia.gov.br/agendas/secretaria-executiva/gabinete/marcelo-pacheco-dos-guaranys/']"
Ministério da Economia,Paulo Guedes,2020-02-19 10:00,12ª Reunião do Conselho do Programa de Parcerias de Investimentos PPI,Local: Palácio do Planalto,N/A
Ministério da Economia,Paulo Guedes,2020-02-19 14:00,Despachos internos,Local: Ministério da Economia – Bloco P,N/A
Ministério da Economia,Paulo Guedes,2020-02-19 17:00,"Reunião com o deputado federal Marcos Pereira, primeiro vice-presidente da Câmara dos Deputados  e representantes do setor têxtil",Local: Ministério da Economia - Bloco P,"['Carlos Da Costa – Secretário Especial de Produtividade', 'Emprego e Competitividade', 'Anna Maria Marzorati Kuntz – Conselheira Vicunha Têxtil S/A', 'Fernando Valente Pimentel - Presidente  da Associação Brasileira da Indústria Têxtil e de Confecção (ABIT)', 'Lineu Jorge Frayha - Presidente da Associação Brasileira de Produtores de Fibras Artificiais e Sintéticas (ABRAFAS)', 'Mateus Salles Assessor de Relações Governamentais da Associação Brasileira da Indústria Têxtil e de Confecção (ABIT)', 'Lucas Garofano - Assessor de Relações Governamentais da Associação Brasileira da Indústria Têxtil e de Confecção (ABIT)', 'Gustavo Ene – Secretário de Desenvolvimento da Indústria', 'Comércio', 'Serviços e Inovação – SDIC/SEPEC/ME', 'Rogério Fabrício Glass – Coordenador-Geral de Insumos Básicos e Trabalho-SDIC/SEPEC/ME', 'Bruno Travassos – Chefe da Assessoria Especial para Assuntos Parlamentares', 'Daniel Follain - Assessor/SEPEC/ME', '', '', '']"
Ministério da Economia,Paulo Guedes,2020-02-19 18:00,"Reunião com os ministros de Infraestrutura, Tarcísio Freitas, e da Controladoria Geral da União (CGU), Wagner do Rosário",Local: Ministério da Economia – Bloco P,"['Miguel Ragone – Secretário Executivo do Ministério da Economia substituto', 'Diogo Mac Cord - Secretário Desenvolvimento da Infraestrutura – SEPEC', 'Fernanda Vilares - Assessora Especial de Assuntos Legislativos Substituta do Ministério da Justiça ', 'Roberto Domingos Taufick - Coordenador de Acompanhamento de Projetos Legislativos em Matéria Penal do Ministério da Justiça', 'Marlos Moreira dos Santos – Diretor de Auditoria de Políticas de Infraestrutura da CGU', 'Rodrigo Carvalho Gonçalves – Coordenador-Geral da Área de Regulação da CGU', 'Roberto Loiola – chefe do Gabinete do Ministro da Infraestrutura', 'Natalia Resende - Consultora Jurídica do Ministério da Infraestrutura', '', '', '', '']"
Ministério da Economia,Paulo Guedes,2020-02-20 09:00,"Reunião com o presidente do Banco do Brasil, Rubem Novaes (Cancelada)",Local: Ministério da Economia – Bloco P,"['Daniella Marques – Chefe da Assessoria Especial de Assuntos Estratégicos ', 'Waldery Rodrigues - Secretário Especial de Fazenda', 'Salim Mattar - Secretário Especial de Desestatização e Desinvestimento', 'Marcelo Siqueira - Assessor Especial do Ministro']"
Ministério da Economia,Paulo Guedes,2020-02-20 10:30,"Lançamento do Crédito Imobiliário com taxa fixa com o presidente da República, Jair Bolsonaro",Local: Palácio do Planalto,N/A
Ministério da Economia,Paulo Guedes,2020-02-20 12:00,"Reunião semanal com o secretário especial de Fazenda, Waldery Rodrigues",Local: Ministério da Economia – Bloco P,"['Daniella Marques - Chefe da Assessoria Especial de Assuntos Estratégicos ', 'Miguel Ragone - Secretário Executivo Substituto', 'Esteves Colnago - Chefe da Assessoria Especial de Relações Institucionais', 'Jeferson Bittencourt - Secretário Especial da Fazenda Adjunto', 'Adolfo Sachsida - Secretário de Política Econômica - SPE', 'Aumara Feu - Secretaria de Avaliação', 'Planejamento', 'Energia e Loteria Adjunta', 'Otávio Ladeira - Secretário do Tesouro Nacional Adjunto', 'Priscilla Santana - Subsecretária de Relações Financeiras Intergovernamentais - STN', 'Adriano de Paula - Subsecretário de Gestão Fiscal - STN', 'Bruno Cirilo - STN', 'George Soares - Secretário de Orçamento Federal - SOF', 'Geraldo Julião - Secretário de Orçamento Federal Adjunto - SOF', 'Gustavo Guimarães - Diretor de Programa', 'Julio Cesar Costa Pinto - Diretor de Programa', 'Caio Megale - Diretor de Programa', 'Gustavo Tillman - Diretor do Departamento do FGTS e Conselho do FAT', 'Marcelo Siqueira - Chefe da Assessoria Especial ', 'Rafaelo Abritta - Assessor Especial do Ministro', 'André Garcia  - Diretor de Programa da SE', 'Gustavo Lobo - Diretor de Programa da SE']"
Ministério da Economia,Paulo Guedes,2020-02-20 12:00,Assinatura do protocolo de Intenções entre o Ministério da Defesa e o BNDES,Local: Ministério da Defesa – Bloco Q,N/A
Ministério da Economia,Paulo Guedes,2020-02-20 15:00,Reunião do Conselho Monetário Nacional (CMN),Local: Ministério da Economia – Bloco P,N/A
Ministério da Economia,Paulo Guedes,2020-02-17 10:00,Reunião-Geral de Secretários do Ministério da Economia,Local: Ministério da Economia – Bloco P,"['Daniella Marques – Chefe da Assessora Especial de Assuntos Estratégicos', 'Marcelo Guaranys - Secretário Executivo', 'Miguel Ragone - Secretário Executivo Adjunto ', 'Cinara Lima - Chefe de Gabinete do Ministro da Economia', 'Jose Levi - Procurador-Geral da Fazenda', 'Ricardo Soriano - Procurador-Geral da Fazenda Adjunto', 'Ana Paula Bittencourt - Subprocuradora-Geral da Fazenda Nacional', 'José Tostes - Secretário Especial da Receita Federal', 'Waldery Rodrigues - Secretário Especial de Fazenda', 'Jeferson Bittencourt – Secretário Especial de Fazenda Adjunto', 'Adolfo Sachsida - Secretário de Política Econômica', 'Mansueto Almeida - Secretário do Tesouro Nacional', 'Carlos Da Costa - Secretário Especial de Produtividade e Competitividade', 'Bruno Portela - Secretário Especial Adjunto de Produtividade e Competitividade', 'Marcos Troyjo - Secretário Especial do Comércio Exterior e Assuntos Internacionais', 'Yana Dumaresq - Secretária Especial do Comércio Exterior e Assuntos Internacionais Adjunta', 'Paulo Uebel  - Secretário Especial de Desburocratização', 'Gestão e Governo Digital', 'Gleisson Rubin - Secretário Especial de Desburocratização', 'Gestão e Governo Digital Adjunto', 'Salim Mattar - Secretário Especial de Desestatização', 'Desinvestimento e Mercados', 'Idalício Silva - Secretário Especial de Desestatização', 'Desinvestimento e Mercados Adjunto', 'Bruno Bianco - Secretário Especial de Previdência e Trabalho', 'Martha Seillier - Secretária Especial do Programa de Parceiras e Investimentos (PPI) indicada', 'Marcelo Siqueira - Assessor Especial do Ministro', 'Bruno Travassos - Chefe da Assessoria  Especial  de Assuntos Parlamentares', 'Vitor Saback - Assessor Especial do Ministro', 'Aloísio Araújo - Assessor Especial do Ministro', 'Samuel Kinoshita - Assessor Especial do Ministro em SP', 'Rafaelo Abritta - Assessor Especial do Ministro', 'Guilherme Afif - Assessor Especial do Ministro', 'Caio Megale - Diretor de Programa', 'Esteves Colnago - Chefe da Assessoria Especial de Relações Institucionais', 'Gabriela Valente - Chefe da Assessoria Especial de Comunicação Social']"
Ministério da Economia,Paulo Guedes,2020-02-17 12:00,Almoço com os secretários especiais,Local: Ministério da Economia – Bloco P,"['Miguel Ragone - Secretário-Executivo Substituto', 'Daniella Marques - Assessora Especial de Assuntos Estratégicos', 'José Levi - Procurador-Geral da Fazenda Nacional', 'José Tostes - Secretário Especial da Receita Federal', 'Waldery Rodrigues - Secretário Especial da Fazenda', 'Carlos Da Costa - Secretário Especial de Produtividade e Competitividade', 'Marcos Troyjo - Secretário Especial do Comércio Exterior e Assuntos Internacionais ', 'Paulo Uebel - Secretário Especial de Desburocratização', 'Gestão e Governo Digital ', 'Bruno Bianco - Secretário Especial de Previdência e Trabalho ', 'Salim Mattar - Secretário Especial de Desestatização', 'Desinvestimento e Mercados', 'Martha Seillier - Secretária Especial do Programa de Parceiras e Investimentos (PPI) indicada', 'Esteves Colnago - Secretário Adjunto da Secretaria Especial da Fazenda ', 'Marcelo Siqueira - Assessor Especial do Ministro ', 'Samuel Kinoshita - Assessor Especial do Ministro em SP', 'Aloísio Araújo - Assessor Especial do Ministro ', 'Guilherme Afif - Assessor Especial do Ministro']"
Ministério da Economia,Paulo Guedes,2020-02-17 14:00,"Reunião com o presidente da República, Jair Bolsonaro",Local: Palácio do Planalto,N/A
Ministério da Economia,Paulo Guedes,2020-02-17 15:00,"Reunião semanal com o secretário especial de Desburocratização, Gestão e Governo Digital ",Local: Ministério da Economia – Bloco P,"['Miguel Ragone - Secretário Executivo Substituto ', 'Wagner Lenhart - Secretário de Gestão e Desempenho de Pessoal', 'Gleisson Rubin - Secretário Especial Adjunto de Desburocratização', 'Gestão e Governo Digital', 'Cristiano Heckert - Secretário de Gestão', 'Geanluca Lorenzon - Diretor de Programa ', 'Marcelo Siqueira - Assessor Especial do Ministro ', 'Rafaelo Abritta - Assessor Especial do Ministro', 'Marcelo Varella - Assessor Especial do Ministro', 'Samuel Kinoshita - Assessor Especial do Ministro em SP ', 'Erika Melissa Nassar - Diretora de Programa da SE']"
Ministério da Economia,Paulo Guedes,2020-02-17 17:00,"Reunião semanal com o secretário especial de Previdência e Trabalho, Bruno Bianco",Local: Ministério da Economia – Bloco P,"['Miguel Ragone - Secretário Executivo Substituto', 'Daniella Marques - Chefe da Assessoria Especial de Assuntos Estratégicos ', 'Narlon Nogueira - Secretário de Previdência ', 'Leonardo Rolim - Presidente do INSS', 'Marcelo Siqueira - Assessor Especial do Ministro ', 'Rafaelo Abritta - Assessor Especial do Ministro', 'Samuel Kinoshita - Assessor Especial do Ministro em SP', 'Rodrigo Cota - Diretor de Programa da SE']"
Ministério da Economia,Paulo Guedes,2020-02-17 19:00,"Reunião semanal com o secretário especial de Comércio Exterior e Assuntos Internacionais, Marcos Troyjo",Local: Ministério da Economia – Bloco P,"['Miguel Ragone - Secretário Executivo Substituto ', 'Daniella Marques     - Chefe da Assessoria Especial de Assuntos Estratégicos   ', 'Yana Dumaresq - Secretária Especial do Comércio Exterior e Assuntos Internacionais Adjunta', 'Marcelo Siqueira -Assessor Especial do Ministro ', 'Rafaelo Abritta - Assessor Especial do Ministro', 'Samuel Kinoshita - Assessor Especial do Ministro em SP', 'Marcelo Souza - Diretor de Programa da SE', 'Kelvia Albuquerque - Diretora de Programa da SE']"
Ministério da Economia,Paulo Guedes,2020-02-12 10:00,322ª Reunião Extraordinária do CONFAZ ,Local: Ministério da Economia – Bloco P,N/A
Ministério da Economia,Paulo Guedes,2020-02-12 16:00,"Reunião com o ministro de Ciência, Tecnologia, Inovações e Comunicações, Marcos Pontes ",Local: Ministério da Economia – Bloco P,"['Marcos Pontes - Ministro de Ciência', 'Tecnologia', 'Inovações e Comunicações', 'Marcelo Guaranys – Secretário-Executivo – ME', 'Martha Seillier', 'Secretária Especial do Programa de Parceiras e Investimentos (PPI)', 'Gustavo Ene – Secretário de Desenvolvimento da Indústria', 'Comércio Serviços e Inovação  - ME', 'Rafael Wandrey –Subsecretário de Inovação – Substituto – SEOEC/ME', 'Igor Manhães Nazareth - Subsecretário de Inovação da SEPEC/ME', 'Carlos Alberto Flora Baptistucci – Secretário-Executivo Adjunto  -MCTIC', 'Marcelo Gomes Meirelles - Diretor do Departamento de Estruturas de Custeio e Financiamento de Projetos – DECFI/SEPLA/MCTIC', 'Idalício Silva – Secretário Especial Adjunto de Desestatização', 'Desinvestimento e Mercados']"
Ministério da Economia,Paulo Guedes,2020-02-12 17:30,Encerramento do Seminário de Abertura do Ano Legislativo - Revista Voto ,Local: Anfiteatro Complexo Brasil 21 – Brasília - DF,N/A
Ministério da Economia,Paulo Guedes,2020-02-12 18:30,Reunião mensal com a Secretaria de Política Econômica (SPE) e IPEA,Local: Ministério da Economia – Bloco P,"['Marcelo Guaranys - Secretário Executivo ', 'Daniella Marques - Chefe da Assessoria Especial de Assuntos Estratégicos', 'Esteves Colnago - Chefe da Assessoria Especial de Assuntos Institucionais ', 'Marcelo Siqueira - Assessor Especial do Ministro ', 'Adolfo Sachsida - Secretário de Política Econômica', 'Vladimir Teles - Subsecretário de Política Macroeconômica', 'Pedro Calhman - Subsecretário de Política Microeconômica e Financiamento de Infraestrutura', 'Marco Cavalcanti - Subsecretário de Política Fiscal', 'Rogério Boueri - Subsecretário de Política Agrícola e Meio Ambiente', 'Marcos Kohler - Subsecretário de Direito Econômico', 'Peng Yaohao - Assessor Especial', 'Aline Dantas - Chefe de Gabinete', 'Carlos von Doellinger - Presidente do IPEA', 'José Ronaldo de Castro Souza Júnior - Diretor de Estudos e Políticas Macroeconômicas do IPEA', '']"
Ministério da Economia,Paulo Guedes,2020-02-12 19:30, Reunião com o senador Izalci Lucas (PSDB/PSL-DF),Local: Ministério da Economia – Bloco P,"['Marcelo Guaranys - Secretário Executivo ', 'Daniella Marques – Chefe da Assessoria Especial de Assuntos Estratégicos  ', 'Esteves Colnago - Chefe de Assessoria para Assuntos de Relações Institucionais', 'Vitor Saback - Assessor Especial do Ministro', 'Marcelo Varella - Assessor Especial do Ministro', '']"
Ministério da Economia,Paulo Guedes,2020-02-18 08:00,Hasteamento da Bandeira,Local: Palácio da Alvorada,N/A
Ministério da Economia,Paulo Guedes,2020-02-18 08:30,"28° Reunião do Conselho de Governo com o presidente da República, Jair Bolsonaro",Local: Palácio da Alvorada,N/A
Ministério da Economia,Paulo Guedes,2020-02-18 15:00,"Posse dos ministros da Casa Civil, Braga Neto, e da Cidadania, Onyx Lorenzoni",Local: Palácio do Planalto,N/A
Ministério da Economia,Paulo Guedes,2020-02-18 17:30,"Lançamento do Programa Brasil Mais com o presidente da República, Jair Bolsonaro (Cancelado)",Local: Palácio do Planalto,N/A
Ministério da Economia,Paulo Guedes,2020-02-21 10:00,"Reunião com a presidente do IBGE, Susana Guerra",Local: Ministério da Economia no Rio de Janeiro - RJ,N/A
Ministério da Economia,Paulo Guedes,2020-02-21 11:00,"Reunião com a superintendente da Susep, Solange Vieira ",Local: Ministério da Economia no Rio de Janeiro - RJ,N/A
Ministério da Economia,Paulo Guedes,2020-02-21 15:00,Despachos internos,Local: Ministério da Economia no Rio de Janeiro - RJ,N/A
Ministério da Economia,Paulo Guedes,2020-02-14 09:30,GRI Club Meeting: Perspectivas Econômicas para 2020 ,Local: Hotel Fairmont Copacabana - Rio de Janeiro- RJ,N/A
Ministério da Economia,Paulo Guedes,2020-02-14 11:30,"Reunião com o diretor de Infraestrutura, Concessões e PPPs do BNDES, Fabio Abrahão",Local: Ministério da Economia no Rio de Janeiro - RJ,"['Petrônio Cançado - Diretor de Concessão de Crédito Direto e Garantias  - BNDES ', 'Cléverson Aroeira - Superintendente da Área de Parcerias de Investimento - BNDES', 'Leonardo Pereira - Superintendente da Área de Saneamento e Transporte - BNDES', 'Caio Megale – Diretor de Programa –SEFAZ/ME']"
Ministério da Economia,Paulo Guedes,2020-02-14 15:00,"Audiência com o diretor-presidente da BTP - Brasil Terminal Portuário, Ricardo Arten",Local: Ministério da Economia no Rio de Janeiro - RJ,"['Marcelo Jardim - Presidente do Conselho de Administração DP World Santos', 'Richard Klien - Presidente da Multiterminais S/A', 'Marcos Troyjo – Secretário Especial de Comércio Exterior e Assuntos Internacionais ', 'Caio Megale – Diretor de Programa/ME', '']"
Ministério da Economia,Paulo Guedes,2020-02-14 17:00,Audiência com o economista-chefe da SPX Capital,Local: Ministério da Economia no Rio de Janeiro - RJ,"['Caio Megale – Diretor de Programa (ME)', '']"
Ministério da Economia,Paulo Guedes,2020-02-14 17:30,Reunião com especialistas,Local: Ministério da Economia no Rio de Janeiro - RJ,"['Aloisio Araújo', 'Ana Paula Vescosi', 'Aod Cunha', 'Beny Parnes', 'David Cohen', 'Euripedes Alcantra', 'Evandro Pontes', 'Fabio Giambiagi', 'Fernando Saldanha', 'Isaias Coelho', 'João Accioly', 'Julian Chediak', 'Odemiro Fonseca', 'Patrícia de Andrade']"
Ministério da Economia,Paulo Guedes,2020-02-11 09:30,"Reunião com o presidente do BNDES, Gustavo Montezano",Local: Ministério da Economia  - Bloco P,"['Daniella Marques – Chefe da Assessoria Especial de Assuntos Estratégicos ', 'Marcelo Guaranys – Secretário-Executivo ', 'Miguel Ragone – Secretário-Executivo Adjunto', 'Salim Mattar - Secretário Especial de Desestatização e Desinvestimento - ME ', 'Waldery Rodrigues – Secretário Especial de Fazenda ', 'Leonardo Cabral - Diretor - BNDES ', 'Fábio Abrahão -  Diretor de Infraestrutura', 'Concessões e PPPs', 'Lidiane Delesderrier - Superintendente da Área de Estruturação de Empresas e Desinvestimento - BNDES', 'Marcelo Siqueira – Assessor Especial do Ministro ']"
Ministério da Economia,Paulo Guedes,2020-02-11 11:00,"Reunião com o chefe da Assessoria para Assuntos de Relações Institucionais, Esteves Colnago",Local: Ministério da Economia  - Bloco P,"['Daniella Marques – Assessora Especial de Assuntos Estratégicos ', 'Bruno Travassos - Chefe da Assessoria  Especial  de Assuntos Parlamentares', 'Guilherme Afif - Assessor Especial do Ministro', 'Vitor Saback - Assessor Especial do Ministro', 'Marcelo Varella - Assessor Especial do Ministro', '']"
Ministério da Economia,Paulo Guedes,2020-02-11 12:00,Fórum dos Governadores ,Local: Edifício-sede do Banco do Brasil - Brasília - DF,N/A
Ministério da Economia,Paulo Guedes,2020-02-11 12:30,"Almoço com o presidente do Banco Central, Roberto Campos (Cancelado)",Local: Brasília-DF,N/A
Ministério da Economia,Paulo Guedes,2020-02-11 14:00,"Posse do ministro do Desenvolvimento Regional, Rogério Marinho",Local: Palácio do Planalto,N/A
Ministério da Economia,Paulo Guedes,2020-02-11 14:30,"Reunião semanal com o secretário especial de Produtividade e Competitividade, Carlos Da Costa",Local: Ministério da Economia  - Bloco P,"['Marcelo Guaranys - Secretário Executivo', 'Daniella Marques - Chefe da Assessoria Especial de Assuntos Estratégicos', 'Diogo Mac Cord - Secretário Desenvolvimento da Infraestrutura ', 'César Mattos - Secretário de Advocacia da Concorrência e Competitividade', 'Marcelo Siqueira - Assessor Especial do Ministro', 'Kelvia Albuquerque  - Diretora de Programa da SE ', 'Caio Megale - Diretor de Programa da Secretaria de Fazenda ', 'Bruno Portela - Secretário Especial Adjunto Substituto', 'Fernando Holanda - Secretário de Políticas Públicas para o Emprego', 'Gustavo Ene - Secretário de Desenvolvimento da Industria Comercio', 'Serviços e Inovação ', 'Felipe de Sá Tavares - Coordenador Geral de Plano de Planejamento Estratégico da SEPEC    ', 'Rafaelo Abritta - Assessor Especial do Ministro', '']"
Ministério da Economia,Paulo Guedes,2020-02-11 16:00,"Reunião semanal com o secretário de Desestatização, Desinvestimento e Mercados, Salim Mattar",Local: Ministério da Economia  - Bloco P,"['Daniella Marques - Chefe da Assessoria Especial de Assuntos Estratégicos', 'Marcelo Guaranys - Secretário Executivo ', 'Carlos Da Costa - Secretário Especial de Produtividade e Competitividade', 'Diogo Mac Cord - Secretário de Desenvolvimento da Infraestrutura ', 'Marina Santos- Diretora de Programa ', 'Marcelo Siqueira - Assessor Especial do Ministro', '']"
Ministério da Economia,Paulo Guedes,2020-02-11 18:00,"Reunião com a ministra da Mulher, Família e dos Direitos Humanos, Damares Alves",Local: Ministério da Economia  - Bloco P,"['Elizabeth Domingos Carneiro - Subsecretário de Planejamento', 'Orçamento e Administração/MMFDH', 'Tatiana Barbosa de Alvarenga - Secretária-Executiva Adjunta/MMFDH', 'Paulo Roberto de Mendonça e Paula – Secretário-Adjunto da Secretaria Nacional de Proteção Global/MMFDH', 'Alexandre Magno Fernandes Moreira - Secretário-Adjunto da Secretaria Nacional de Cidadania/MMFDH']"
Ministério da Economia,Paulo Guedes,2020-02-11 19:00,"Reunião com o governador do Estado do Rio Grande do Sul, Eduardo Leite",Local: Ministério da Economia  - Bloco P,"['Daniella Marques – Chefe da Assessoria Especial de Assuntos Estratégicos do Ministério da Economia', 'José Tostes – Secretário Especial da Receita Federal do Ministério da Economia', 'Waldery Rodrigues – Secretário Especial de Fazenda do Ministério da Economia', 'Jeferson Bittencourt – Secretário Especial Adjunto de Fazenda do Ministério da Economia', 'Mansueto Almeida – Secretário do Tesouro Nacional do Ministério da Economia', 'Otávio Ladeira de Medeiros - Secretário Adjunto do Tesouro Nacional do Ministério da Economia', 'Ricardo Soriano – Procurador-Geral Adjunto da Fazenda Nacional ', 'Ana Paula Bittencourt – Subprocuradora-Geral da Fazenda Nacional', 'Bruno Funchal - Diretor de Programa da Secretaria Especial de Fazenda do Ministério da Economia', 'Pricilla Santana – Subsecretária de Relações Financeiras Intergovernamentais do Tesouro do Ministério da Economia', 'Marco Aurelio Cardoso- Secretário da Fazenda do Rio Grande do Sul  ', 'Eduardo Cunha da Costa- Procurador-Geral do Rio Grande do Sul', 'Leany Lemos - Secretária de Planejamento do Rio Grande do Sul']"
Ministério da Economia,Paulo Guedes,2020-02-10 10:00,Reunião-Geral de Secretários do Ministério da Economia,Local: Ministério da Economia – Bloco P,"['Daniella Marques - Chefe da Assessora Especial de Assuntos Estratégicos', 'Marcelo Guaranys - Secretário Executivo', 'Miguel Ragone  - Secretário Executivo Adjunto ', 'Cinara Lima - Chefe de Gabinete do Ministro da Economia', 'Ricardo Soriano - Procurador-Geral da Fazenda Adjunto', 'Ana Paula Bittencourt - Subprocuradora-Geral da Fazenda Nacional', 'José Tostes  - Secretário Especial da Receita Federal', 'Waldery Rodrigues - Secretário Especial de Fazenda', 'Jeferson Bittencourt  - Secretário Especial de Fazenda Adjunto', 'Adolfo Sachsida - Secretário de Política Econômica', 'Mansueto Almeida - Secretário do Tesouro Nacional', 'Bruno Portela - Secretário Especial de Produtividade e Competitividade Adjunto', 'Marcos Troyjo - Secretário Especial do Comércio Exterior e Assuntos Internacionais', 'Yana Dumaresq - Secretária Especial do Comércio Exterior e Assuntos Internacionais Adjunta', 'Paulo Uebel  - Secretário Especial de Desburocratização', 'Gestão e Governo Digital', 'Gleisson Rubin - Secretário Especial de Desburocratização', 'Gestão e Governo Digital Adjunto', 'Salim Mattar - Secretário Especial de Desestatização', 'Desinvestimento e Mercados', 'Idalício Silva - Secretário Especial de Desestatização', 'Desinvestimento e Mercados Adjunto', 'Bruno Bianco - Secretário Especial de Previdência e Trabalho', 'Diogo Mac Cord - Secretário de Desenvolvimento e Infraestrutura', 'Martha Seillier - Secretária Especial do Programa de Parceiras e Investimentos (PPI) indicada', 'Marcelo Siqueira - Assessor Especial do Ministro', 'Bruno Travassos - Chefe da Assessoria  Especial  de Assuntos Parlamentares', 'Vitor Saback - Assessor Especial do Ministro', 'Aloísio Araújo - Assessor Especial do Ministro', 'Samuel Kinoshita - Assessor Especial do Ministro em SP', 'Gabriela Valente - Chefe da Assessoria Especial de Comunicação Social', '']"
Ministério da Economia,Paulo Guedes,2020-02-10 12:00,Almoço com os Secretários Especiais,Local: Ministério da Economia – Bloco P,"['Marcelo Guaranys – Secretário Executivo', 'Daniella Marques – Chefe da Assessora Especial de Assuntos Estratégicos', 'José Tostes - Secretário Especial da Receita Federal', 'Waldery Rodrigues - Secretário Especial da Fazenda', 'Diogo Mac Cord - Secretário de Desenvolvimento e Infraestrutura', 'Marcos Troyjo - Secretário Especial do Comércio Exterior e Assuntos Internacionais ', 'Paulo Uebel - Secretário Especial de Desburocratização', 'Gestão e Governo Digital ', 'Salim Mattar - Secretário Especial de Desestatização', 'Desinvestimento e Mercados', 'Martha Seillier - Secretária Especial do Programa de Parceiras e Investimentos (PPI) indicada', 'Esteves Colnago - Secretário Adjunto da Secretaria Especial da Fazenda ', 'Marcelo Siqueira - Assessor Especial do Ministro ', 'Samuel Kinoshita - Assessor Especial do Ministro em SP', 'Aloísio Araújo  - Assessor Especial do Ministro ', 'Guilherme Afif  - Assessor Especial do Ministro', '']"
Ministério da Economia,Paulo Guedes,2020-02-10 14:00,"Reunião com o presidente da República, Jair Bolsonaro",Local: Palácio do Planalto,N/A
Ministério da Economia,Paulo Guedes,2020-02-10 15:00,"Despacho com o secretário da Receita Federal, José Tostes ",Local: Ministério da Economia – Bloco P,"['anessa Canado – Assessora Especial para Assuntos Parlamentares', '']"
Ministério da Economia,Paulo Guedes,2020-02-10 16:30,"Reunião semanal com o secretário Especial de Desburocratização, Gestão e Governo Digital, Paulo Uebel  (Cancelada)    ",Local: Ministério da Economia – Bloco P,"['Marcelo Guaranys - Secretário Executivo         ', 'Wagner Lenhart - Secretário de Gestão e Desempenho de Pessoal', 'Gleisson Rubin - Secretário Especial de Desburocratização', 'Gestão e Governo Digital Adjunto ', 'Cristiano Heckert - Secretário de Gestão', 'Geanluca Lorenzon - Diretor de Programa       ', 'Marcelo Siqueira  - Assessor Especial do Ministro       ', 'Rafaelo Abritta - Assessor Especial do Ministro ', 'Marcelo Varella - Assessor Especial do Ministro ', 'Erika Melissa Nassar - Diretora de Programa da SE', ' ', '']"
Ministério da Economia,Paulo Guedes,2020-02-10 17:00,"Reunião semanal com o secretário especial de Fazenda, Waldery Rodrigues",Local: Ministério da Economia – Bloco P,"['Marcelo Guaranys - Secretário Executivo ', 'Jeferson Bittencourt - Secretário Especial de Fazenda Adjunto', 'Caio Megale - Diretor de Programa ', 'Adolfo Sachsida - Secretário de Política Econômica', 'Alexandre Manoel - Secretário de Avaliação', 'Planejamento', 'Energia e Loteria', 'Mansueto Almeida - Secretário do Tesouro Nacional ', 'Geraldo Julião - Secretário de Orçamento Federal - SOF', 'Gustavo Lobo - Diretor de Programa da SE', '']"
Ministério da Economia,Paulo Guedes,2020-02-10 17:30,"Reunião semanal com o secretário especial de Produtividade e Competitividade, Carlos Da Costa (Cancelada)",Local: Ministério da Economia – Bloco P,"['Marcelo Guaranys - Secretário Executivo', 'Daniella Marques - Chefe da Assessoria Especial de Assuntos Estratégicos', 'Diogo Mac Cord - Secretário Desenvolvimento da Infraestrutura ', 'César Mattos Secretário de Advocacia da Concorrência e Competitividade', 'Marcelo Siqueira - Assessor Especial do Ministro', 'Kelvia Albuquerque - Diretora de Programa da SE ', 'Caio Megale - Diretor de Programa da Secretaria de Fazenda ', 'Bruno Portela - Secretário Especial Adjunto Substituto', 'Fernando Holanda - Secretário de Políticas Públicas para o Emprego', 'Gustavo Ene - Secretário de Desenvolvimento da Industria Comercio', 'Serviços e Inovação ', 'Felipe de Sá Tavares - Coordenador Geral de Plano de Planejamento Estratégico da SEPEC    ', 'Rafaelo Abritta - Assessor Especial do Ministro ', '']"
Ministério da Economia,Paulo Guedes,2020-02-10 19:00,"Audiência com a diretora para a América Latina do Fórum Econômico Mundial,  Marisol Argueta ",Local: Ministério da Economia – Bloco P,"['Yana Dumaresq – Secretária Especial de Comércio Exterior e Assuntos Internacionais Adjunta', 'James Elias – Community Lead para a América Latina do Fórum Econômico Mundial', 'Rodrigo Godinho – Assessor para Assuntos Internacionais', '']"
Ministério da Economia,Paulo Guedes,2020-02-10 20:00,"Reunião com a  superintendente da Superintendência de Seguros Privados (Susep), Solange Vieira",Local: Ministério da Economia – Bloco P,N/A
Ministério da Economia,Paulo Guedes,2020-01-31 10:00,"Reunião com o presidente da Caixa Econômica Federal, Pedro Guimarães",Local: Ministério da Economia no Rio de Janeiro - RJ,N/A
Ministério da Economia,Paulo Guedes,2020-01-31 11:00,"Audiência com o diretor do Centro de Economia Mundial da FGV, Carlos Langoni",Local: Ministério da Economia no Rio de Janeiro - RJ,N/A
Ministério da Economia,Paulo Guedes,2020-01-31 12:00,Almoço comemorativo aos 123 anos da SNA (cancelado),"Local: Av. General Justo, 171 - Centro, Rio de Janeiro - RJ",N/A
Ministério da Economia,Paulo Guedes,2020-01-31 15:30,"Audiência com o o presidente da Federação Brasileira de Bancos (FEBRABAN), Murilo Portugal Filho",Local: Ministério da Economia no Rio de Janeiro - RJ,"['aio Megale – Diretor de Programa da Secretaria de Fazenda do Ministério da Economia ', '']"
Ministério da Economia,Paulo Guedes,2020-01-31 16:30,"Audiência com o presidente da Associação Brasileira das Incorporadoras Imobiliárias (Abrainc), Luiz Antônio França",Local: Ministério da Economia no Rio de Janeiro - RJ,"['Rubens Menin - Presidente do Conselho da MRV', 'Ricardo Valadares - Presidente da Direcional Engenharia', 'Rodrigo Osmo - Presidente da Tenda', 'Ronaldo Cury - Diretor de RI da Cury', 'Régis Campos - Presidente da Emccamp', 'Caio Megale – Diretor de Programa da Secretaria de Fazenda']"
Ministério da Economia,Paulo Guedes,2020-01-31 17:30,"Audiência com o CEO da ENEVA S.A., Pedro Zinner ",Local: Ministério da Economia no Rio de Janeiro - RJ,"['Lino Cançado – Diretor de Operações/ENEVA', 'Rômulo Florentino – Coordenador de Relações Governamentais/ENEVA', 'Caio Megale – Diretor de Programa da Secretaria de Fazenda do Ministério da Economia', '']"
Ministério da Economia,Paulo Guedes,2020-02-13 11:00,"Audiência com o presidente da Península Participações, Abílio Diniz","Local: Escritório do Ministério da Economia - Avenida Paulista 2163, São Paulo/SP","['Guilherme Afif – Assessor Especial ME', 'Samuel Kinoshita – Assessor Especial ME', '']"
Ministério da Economia,Paulo Guedes,2020-02-13 13:00,Almoço na Sede da Federação das Indústrias do Estado de São Paulo – Fiesp ,"Local: Av. Paulista, 1313, São Paulo/SP","['Paulo Skaf – Presidente da Fiesp', 'Guilherme Afif – Assessor Especial do Ministério da Economia', 'Samuel Kinoshita – Assessor Especial do Ministério da Economia']"
Ministério da Economia,Paulo Guedes,2020-02-13 15:00,Despachos Internos ,"Local: Escritório do Ministério da Economia - Avenida Paulista 2163, São Paulo/SP",N/A
Ministério da Economia,Paulo Guedes,2020-02-13 17:00,"Audiência com o CEO da N-Ideias, Nizan Guanaes  (cancelado)","Local: Escritório do Ministério da Economia - Avenida Paulista 2163, São Paulo/SP",N/A
Ministério da Economia,Paulo Guedes,2020-01-29 10:30,"Participa de encontro do presidente da República, Jair Bolsonaro, com sertanejos (Cancelado)",Local: Palácio do Planalto,N/A
Ministério da Economia,Paulo Guedes,2020-01-29 11:00,Reunião do Conselho Monetário Nacional (CMN),Local: Ministério da Economia – Bloco P,N/A
Ministério da Economia,Paulo Guedes,2020-01-29 12:30,"Almoço com o presidente do Banco Central, Roberto Campos Neto (Cancelado)",Local: Brasília - DF,N/A
Ministério da Economia,Paulo Guedes,2020-01-29 14:30,"Reunião com  Abraham Weintraub, ministro da Educação",Local: Palácio do Planalto,N/A
Ministério da Economia,Paulo Guedes,2020-01-29 15:00,"Presidente da República, Jair Bolsonaro",Local: Palácio do Planalto,N/A
Ministério da Economia,Paulo Guedes,2020-01-29 15:30,"Presidente da República, Jair Bolsonaro e o Ministro de Estado da Justiça e Segurança Pública, Sérgio Moro",Local: Palácio do Planalto,N/A
Ministério da Economia,Paulo Guedes,2020-01-30 09:00,Agenda Econômica e as Reformas de 2020 - CLP Liderança Pública ,Local: Hotel Tivoli Mofarrej - São Paulo – SP,"['Guilherme Afif Domingos – Assessor Especial do Ministro', 'Gabriela Valente: Assessora Especial de Comunicação Social/ ME']"
Ministério da Economia,Paulo Guedes,2020-01-30 12:00,"Almoço com o presidente do Conselho de Administração do UOL, Luís Frias ",Local: São Paulo – SP,"['Judith de Brito - Vice-Presidente do grupo UOL ', 'Murilo Garavello - Diretor de Conteúdo do UOL', 'Armando Pereira - Editor-Chefe de Economia ', 'Antonio Temóteo - Repórter de Economia', 'Alexandre Gimenez - Gerente-Geral de Notícias e Entretenimento', 'Gabriela Valente: Assessora Especial de Comunicação Social/ ME', 'Samuel Kinoshita – Assessor Especial do Ministro em São Paulo – SP']"
Ministério da Economia,Paulo Guedes,2020-01-30 14:30,"Audiência com o diretor-presidente do Grupo Estado, Francisco Mesquita",Local: Sede do Grupo Estado – São Paulo – SP,"['João Caminoto - Diretor de Jornalismo Grupo Estado', 'Antônio Carlos Pereira – Editorialista do Grupo Estado', 'David Friedlander- Editor-Executivo de Jornalismo do Grupo Estado', 'João Gabriel de Lima – Editor-Executivo de Audiência do Grupo Estado', 'Gabriela Valente - Assessora Especial de Comunicação Social/ ME', 'Samuel Kinoshita – Assessor Especial do Ministro em São Paulo – SP']"
Ministério da Economia,Paulo Guedes,2020-01-30 16:30,"Audiência com o fundador e CEO da CNN, Douglas Tavolaro",Local: Gabinete do Ministério da Economia em São Paulo – SP,"['Gabriela Valente - Assessora Especial de Comunicação Social/ ME', 'Samuel Kinoshita – Assessor Especial do Ministro em São Paulo - SP']"
Ministério da Economia,Paulo Guedes,2020-01-28 09:00,"Reunião semanal com o secretário especial de Previdência e Trabalho, Rogério Marinho",Local: Ministério da Economia – Bloco P,"['Marcelo Guaranys - Secretário Executivo', 'Daniella Marques - Chefe da Assessoria Especial de Assuntos Estratégicos ', 'Rogério Marinho - Secretário Especial de Previdência e Trabalho', 'Renato Vieira - Presidente do INSS', 'Bruno Bianco - Secretário Especial Adjunto de Previdência e Trabalho', 'Miguel Kauan  - Diretor de Programa', 'Leonardo Rolim - Secretário de Previdência', 'Rodrigo Cotta - Diretor de Programa']"
Ministério da Economia,Paulo Guedes,2020-01-28 10:00,"Reunião semanal com a secretária especial de Comércio Exterior e Assuntos Internacionais adjunta, Yana Dumaresq",Local: Ministério da Economia – Bloco P,"['Carlos Pio – Secretário Executivo da Camex', 'Erivaldo Gomes - Secretário de Assuntos Internacionais', 'Lucas Ferraz – Secretário de Comércio Exterior', 'Rodrigo Godinho  - Assessor para Assuntos Internacionais', 'Kelvia Albuquerque - Diretora de Programa SE/ME', 'Marcelo de Lima e Souza -Diretor de Programa']"
Ministério da Economia,Paulo Guedes,2020-01-28 11:00,"Reunião semanal com o secretário especial de Desestatização, Desinvestimento e Mercados, Salim Mattar",Local: Ministério da Economia – Bloco P,N/A
Ministério da Economia,Paulo Guedes,2020-01-28 16:00,Reunião com a missão FMI / TADAT,Local: Ministério da Economia – Bloco P,"['José Barroso Tostes Neto -Secretário Especial da Receita Federal do Brasil ', 'Katherine Baer - Chefe da Divisão de Assuntos Fiscais do Fundo Monetário Internacional e Chefe da Missão TADAT', 'na Receita Federal ', 'Miguel Eduardo Pecho Trigueiros - FMI ', 'Ronnie Nielsen (Dinamarca) - FMI ', 'Maureen Kidd (Canadá) - World Bank ', 'Gerardo Reyes (Banco Interamericano de Desenvolvimento - BID)']"
Ministério da Economia,Paulo Guedes,2020-01-28 17:00,"Audiência com o presidente do Instituto de Pesquisa Econômica e Aplicada (IPEA), Carlos Von Doellinger",Local: Ministério da Economia – Bloco P,['Esteves Colnago - Chefe da Assessoria Especial de Relações Institucionais – ME']
Ministério da Economia,Paulo Guedes,2020-01-24 00:00,Em deslocamento para o Brasil,N/A,N/A
Ministério da Economia,Paulo Guedes,2020-01-27 09:30,"Audiência com o vice-presidente do Novo Banco de Desenvolvimento (NBD), Sarquis José Buainan Sarquis ",Local: Ministério da Economia - Bloco P,['ana Dumaresq – Secretária Especial de Comércio Exterior e Assuntos Internacionais  Adjunta']
Ministério da Economia,Paulo Guedes,2020-01-27 10:00,Reunião geral de secretários do Ministro da Economia,Local: Ministério da Economia – Bloco P,"['Marcelo Guaranys- Secretário-Executivo', 'Miguel Ragone - Secretário-Executivo Adjunto ', 'Daniella Marques -   Chefe da Assessoria Especial de Assuntos Estratégicos', 'Cinara Lima - Chefe de Gabinete do Ministro da Economia', 'José Levi - Procurador-Geral da Fazenda Nacional', 'Ricardo Soriano - Secretário Especial da Receita Federal substituto', 'Ana Paula Bittencourt - Subprocuradora-Geral da Fazenda Nacional', 'Waldery Rodrigues - Secretário Especial de Fazenda', 'Jeferson Bittencourt - Secretário Especial de Fazenda adjunto', 'Adolfo Sachsida - Secretário de Política Econômica', 'Mansueto Almeida - Secretário do Tesouro Nacional', 'Diogo Mac Cord - Secretário Especial de Produtividade e Competitividade substituto', 'Bruno Portela - Secretário Especial de Produtividade e Competitividade adjunto', 'Marcos Troyjo - Secretário Especial do Comércio Exterior e Assuntos Internacionais', 'Yana Dumaresq - Secretário Especial do Comércio Exterior e Assuntos Internacionais adjunto', 'Paulo Uebel - Secretário Especial de Desburocratização', 'Gestão e Governo Digital', 'Gleisson Rubin - Secretário Especial de Desburocratização', 'Gestão e Governo Digital - Adjunto', 'Salim Mattar - Secretário Especial de Desestatização', 'Desinvestimento e Mercados', 'Idalício Silva - Secretário Especial de Desestatização', 'Desinvestimento e Mercados- Adjunto', 'Bruno Bianco - Secretário Especial de Previdência e Trabalho', 'Adjunto ', 'Marcelo Siqueira - Assessor Especial do Ministro', 'Bruno Travassos - Chefe da Assessoria  Especial  de Assuntos Parlamentares', 'Vitor Saback - Assessor Especial do Ministro', 'Aloísio Araújo - Assessor Especial do Ministro ', 'Samuel Kinoshita - Assessor Especial do Ministro em SP', 'Guilherme Afif - Assessor Especial do Ministro', 'Gabriela Valente - Chefe da Assessoria Especial de Comunicação Social', 'Marcelo Dias Varella - Assessor Especial']"
Ministério da Economia,Paulo Guedes,2020-01-27 12:00,Almoço com os secretários especiais ,Local: Ministério da Economia – Bloco P,"['Marcelo Guaranys - Secretário-Executivo', 'Daniella Marques – Chefe da Assessoria Especial de Assuntos Estratégicos', 'José Levi - Procurador-Geral da Fazenda Nacional', 'José de Assis Ferraz - Secretário Especial da Receita Federal', 'Waldery Rodrigues - Secretário Especial da Fazenda', 'Marcos Troyjo - Secretário Especial do Comércio Exterior e Assuntos Internacionais ', 'Paulo Uebel - Secretário Especial de Desburocratização', 'Gestão e Governo Digital ', 'Salim Mattar -Secretário Especial de Desestatização', 'Desinvestimento e Mercados', 'Marcelo Siqueira - Assessor Especial do Ministro ', 'Samuel Kinoshita - Assessor Especial do Ministro em SP']"
Ministério da Economia,Paulo Guedes,2020-01-27 14:30,"Reunião semanal com o secretário especial da Receita Federal, José Barroso Tostes Neto ",Local: Ministério da Economia - Bloco P,"['Daniella Marques - Chefe da Assessoria Especial de Assuntos Estratégicos', 'Marcelo Guaranys - Secretário Executivo ', 'Vanessa Canado - Assessora Especial para Assuntos Parlamentares', 'Aloisio Araújo - Assessor Especial do Ministro', 'Marco Antônio - Subsecretário de Política Fiscal ', 'Claudemir Rodrigues Malaquias - Chefe do Centro de Estudos Tributários e Aduaneiros', 'Jonathan José Formiga de Oliveira - Subsecretário de Fiscalização ', 'Roberto Name Ribeiro - Chefe do Centro de Estudos Tributários e Aduaneiros- Substituto', 'Sandro de Vargas Serpa - Subsecretario de Tributação e Contencioso', 'Isaías Coelho - FGV', 'Marcelo Souza - Diretor de Programa da SE', '']"
Ministério da Economia,Paulo Guedes,2020-01-27 15:30,"Reunião semanal com o o secretário especial de Produtividade, Emprego e Competitividade substituto, Diogo Mac Cord",Local: Ministério da Economia - Bloco P,"['Marcelo Guaranys - Secretário Executivo', 'Daniella Marques\t- Chefe da Assessoria Especial de Assuntos Estratégicos', 'Bruno Portela - Secretário Adjunto da Secretaria de Produtividade', 'Emprego e Competitividade Substituto', 'Gustavo Ene - Secretário de Desenvolvimento da Indústria', 'Comércio', 'Serviços e Inovação ', 'César Mattos - Secretário de Advocacia da Concorrência e Competitividade', 'Fernando Holanda - Secretário de Políticas Públicas para o Emprego ', 'Jorge Hargrave - Diretor de Programa', 'Rafaello Abritta - Assessor Especial do Ministro', '']"
Ministério da Economia,Paulo Guedes,2020-01-27 16:30,"Reunião semanal com o secretário especial de Desburocratização, Gestão e Governo Digital, Paulo Uebel",Local: Ministério da Economia - Bloco P,"['Daniella Marques - Chefe da Assessoria Especial de Assuntos Estratégicos ', 'Marcelo Guaranys - Secretário Executivo ', 'Wagner Lenhart - Secretário de Gestão e Desempenho de Pessoal', 'Gleisson Rubin - Secretário Especial de Desburocratização', 'Gestão e Governo Digital Adjunto', 'Cristiano Heckert -Secretário de Gestão', 'Ciro Pitangueira  - Secretário de Governo Digital', 'Adjunto ', 'Geanluca Lorenzon - Diretor de Programa ', 'José Ziebarth  - Diretor de Programa ', 'Marcelo de Lima e Souza - Diretor de Programa da SE ', 'Erika Melissa Nassar - Diretora de Programa da SE', '']"
Ministério da Economia,Paulo Guedes,2020-01-27 17:30,"Reunião semanal com o secretário especial de Fazenda, Waldery Rodrigues",Local: Ministério da Economia - Bloco P,"['Daniella Marques - Chefe da Assessoria Especial de Assuntos Estratégicos', 'Jeferson Bittencourt  - Secretário Especial da Fazenda Adjunto', 'Rafaelo  Abritta - Assessor do Ministro', 'Caio Megale - Diretor de Programa ', 'Adolfo Sachsida - Secretário de Política Econômica ', 'Mansueto Almeida  - Secretário Adjunto do Tesouro Nacional ', 'Aumara Feu - Subsecretária da Subsecretaria de Avaliação de Gastos Diretos ', 'Bruno Funchal - Diretor de Programa da Secretaria Especial de Fazenda do Ministério da Economia', 'Geraldo Julião  - Secretário de Orçamento Federal - SOF', 'Gustavo Guimarães  - Diretor de Programa ', 'Gustavo Lobo - Diretor de Programa da SE ', 'Marcelo Siqueira - Assessor Especial do Ministro ', 'Filipe Aguiar - Assessor Especial da Fazenda', '']"
Ministério da Economia,Paulo Guedes,2020-01-23 09:30,Mesa Redonda “Informal Gathering of World Economic Leaders (IGWEL): Keeping Pace – Technology Governance at a Crossroads”,Local: Congress Centre - Davos (Suíça),N/A
Ministério da Economia,Paulo Guedes,2020-01-23 11:15,"Reunião com o presidente executivo do Grupo Naturgy, Francisco Reynés",Local: Congress Centre - Davos (Suíça),N/A
Ministério da Economia,Paulo Guedes,2020-01-23 12:15,Almoço do Washington Post/Foreign Policy,Local: Hotel Seehof - Davos (Suíça),N/A
Ministério da Economia,Paulo Guedes,2020-01-23 14:30,Mesa Redonda “Informal Gathering of World Economic Leaders (IGWEL): Finding Resilience in a Global Economy with Rules”,Local: Congress Centre - Davos (Suíça),N/A
Ministério da Economia,Paulo Guedes,2020-01-23 16:00,Painel “Challenging the Dominance of the Dollar”,Local: Congress Centre - Davos (Suíça),N/A
Ministério da Economia,Paulo Guedes,2020-01-22 08:45,"Reunião com o chanceler do Erário do Reino Unido, Sajid Javid","Local: YPO Hub, Promenade 73B - Davos (Suíça)",N/A
Ministério da Economia,Paulo Guedes,2020-01-22 10:00,Evento do PPI/Apex com investidores,Local: Hotel Seehof - Davos (Suíça),N/A
Ministério da Economia,Paulo Guedes,2020-01-22 11:00,"Reunião com a ministra de Comércio da República da Coreia, Myung Hee",Local: Congress Centre – Davos (Suíça),N/A
Ministério da Economia,Paulo Guedes,2020-01-22 11:45,"Reunião com o presidente da UPS Internacional, Nando Cesarone",Local: Congress Centre – Davos (Suíça),N/A
Ministério da Economia,Paulo Guedes,2020-01-22 14:30,Sessão “Country Strategy Dialogue on Brazil”,Local: Congress Centre – Davos (Suíça),N/A
Ministério da Economia,Paulo Guedes,2020-01-22 16:00,"Reunião com o Comissário de Comércio da União Europeia, Phil Hogan",Local: Kongress Hotel – Davos (Suíça),N/A
Ministério da Economia,Paulo Guedes,2020-01-22 17:15,"Reunião com o CEO global da Uber, Dara Khosrowshahi",Local: Congress Centre – Davos (Suíça),N/A
Ministério da Economia,Paulo Guedes,2020-01-22 17:45,"Reunião com o presidente e CEO da Apple, Tim Cook",Local: Congress Centre – Davos (Suíça),N/A
Ministério da Economia,Paulo Guedes,2020-01-22 20:00,Jantar “Reforming for Growth and Inclusion”,Local: Arabella Hotel Waldhuus - Davos (Suíça),N/A
Ministério da Economia,Paulo Guedes,2020-01-21 09:00,Reunião com o professor Klaus Schwab,Local: Congress Centre de Davos (Suíça),N/A
Ministério da Economia,Paulo Guedes,2020-01-21 09:30,"Painel  ""Shaping the Future of Advanced Manufacturing""",Local: Congress Centre de Davos (Suíça),N/A
Ministério da Economia,Paulo Guedes,2020-01-21 10:30,"Reunião com o presidente do UBS Group, Axel Weber",Local: Congress Centre de Davos (Suíça),N/A
Ministério da Economia,Paulo Guedes,2020-01-21 11:15,"Reunião com o presidente e CLO da Microsoft, Brad Smith",Local: Congress Centre de Davos (Suíça),N/A
Ministério da Economia,Paulo Guedes,2020-01-21 12:45,Apresentação no Itaú Unibanco Private Lunch,Local: Steingenberger Hotel Belvédère  - Davos (Suíça),N/A
Ministério da Economia,Paulo Guedes,2020-01-21 14:30,"Painel ""Strategic Outlook: Latin America""",Local: Congress Centre de Davos (Suíça),N/A
Ministério da Economia,Paulo Guedes,2020-01-21 15:20,"Reunião com o ministro de Finanças, Ueli Maurer, e o ministro de Assuntos Econômicos e Educação da Suíça, Guy Parmelin",Local: Congress Centre de Davos (Suíça),N/A
Ministério da Economia,Paulo Guedes,2020-01-21 16:00,"Reunião com o presidente e CEO do Canadian Pension Investment Board, Mark Machin",Local: Congress Centre de Davos (Suíça),N/A
Ministério da Economia,Paulo Guedes,2020-01-21 16:30,"Reunião com o presidente da Visa, Ryan Mclnerney",Local: Congress Centre de Davos (Suíça),N/A
Ministério da Economia,Paulo Guedes,2020-01-21 17:00,"Reunião com o CEO global da Arcelor Mittal, Lakshmi Mittal",Local: Congress Centre de Davos (Suíça),N/A
Ministério da Economia,Paulo Guedes,2020-01-21 17:45,"Reunião com o presidente e CEO da Chevron Corporation, Mike Wirth",Local: Congress Centre de Davos (Suíça),N/A
Ministério da Economia,Paulo Guedes,2020-01-21 19:30,Jantar oferecido pelo professor Klaus Shwab,"Local: Gardenhall, Morosani Schweizerhof - Davos (Suíça)",N/A
Ministério da Economia,Paulo Guedes,2020-01-20 19:00,Abertura do Fórum Econômico Mundial,Local: Davos (Suíça),N/A
Ministério da Economia,Paulo Guedes,2020-01-17 00:00,Em deslocamento para Davos (Suíça),N/A,N/A
Ministério da Economia,Paulo Guedes,2020-01-16 17:30,Participa da Reunião Especial de 2020 da Mont Pelerin Society,"Local: Stanford University - Palo Alto, Califórnia (EUA)",N/A
Ministério da Economia,Paulo Guedes,2020-01-15 10:00,"Reunião com o Ministro de Estado Chefe da Secretaria-Geral da Presidência da República, Jorge Oliveira","Local: Ministério da Economia, bloco P",N/A
Ministério da Economia,Paulo Guedes,2020-01-15 11:00,Audiência com o senador Marcio Bittar (MDB-AC),Local: Ministério da Economia – Bloco P,"['Daniella Marques – Assessora Especial de Assuntos Estratégicos do Ministro', 'Waldery Rodrigues – Secretário Especial de Fazenda', 'Gustavo Guimarães – Diretor de Programa SEFAZ', 'Bruno Funchal – Diretor de Programa da SEFAZ', 'Jeferson Bittencourt – Diretor de Programa SEFAZ', 'Felipe Oliveira – Chefe de Gabinete do Senador', 'Antonio Neto – Assessor Legislativo do Senador', 'Carlos Henrique Araújo – Consultor Legislativo', '']"
Ministério da Economia,Paulo Guedes,2020-01-15 14:30,"Reunião semanal com o secretário especial de Produtividade e Competitividade, Carlos Da Costa","Local: Ministério da Economia, Bloco P","['Marcelo Guaranys – Secretário-Executivo        ', 'Daniella Marques - Chefe da Assessoria Especial de Assuntos Estratégicos         ', 'Bruno Portela - Secretário Adjunto da Secretaria de Produtividade', 'Emprego e Competitividade Substituto    ', 'Gustavo Ene - Secretário de Desenvolvimento da Indústria', 'Comércio', 'Serviços e Inovação    ', 'Diogo Mac Cord - Secretário de Desenvolvimento e Infraestrutura  ', 'César Mattos - Secretário de Advocacia da Concorrência e Competitividade        ', 'Luiza Deusdará - Subsecretária de Supervisão e Estratégia   ', 'Fernando Holanda - Secretário de Políticas Públicas para Emprego ', 'Jorge Hargrave – Diretor de Programa   ', 'Kelvia Albuquerque - Diretora de Programa – SE       ', 'Marcelo Souza - Diretor de Programa- SE/ME   ', 'Caio Megale – Diretor de Programa       ', 'Claudio Evangelista de Carvalho - subsecretario de Competitividade e Melhorias ', 'Rafaello Abritta - Assessor Especial do Ministro ', 'Gustavo Sampaio de Arrochela Lobo - Diretor de Programa  ', 'Fabio Ono - Subsecretário de Planejamento da Infraestrutura Subnacional         ', 'Paulo Coelho Ávila - coordenação-Geral de Planejamento da Infraestrutura Subnacional', '']"
Ministério da Economia,Paulo Guedes,2020-01-15 15:30,"Reunião semanal com o secretário especial de Desestatização, Desinvestimento e Mercados, Salim Mattar (Cancelada)","Local: Ministério da Economia, Bloco P",N/A
Ministério da Economia,Paulo Guedes,2020-01-14 11:00,"Reunião semanal com Salim Mattar, secretário Especial de Desestatização, Desinvestimento e Mercados",Local: Ministério da Economia Bloco P,N/A
Ministério da Economia,Paulo Guedes,2020-01-14 14:00,"Reunião com Jair Bolsonaro, Presidente da República",Local: Palácio do Planalto,N/A
Ministério da Economia,Paulo Guedes,2020-01-14 16:00,"Reunião semanal com Waldery Rodrigues, secretário Especial de Fazenda",Local: Ministério da Economia Bloco P,"['Daniella Marques - assessora Especial de Assuntos Estratégicos', 'Jeferson Bittencourt - secretário Especial da Fazenda Adjunto', 'Esteves Colnago - chefe da Assessoria Especial de Relações Institucionais', 'Caio Megale - diretor de Programa', 'Adolfo Sachsida - secretário de Política Econômica', 'Mansueto Almeida - secretário Adjunto do Tesouro Nacional', 'Aumara Feu- subsecretária da Subsecretaria de Avaliação de Gastos Diretos', 'Bruno Funchal diretor de Programa da Secretaria Especial de Fazenda do Ministério da Economia', 'Geraldo Julião - secretário de Orçamento Federal - SOF', 'Gustavo Guimarães - diretor de Programa', 'Marcelo Siqueira - assessor Especial do Ministro', 'Filipe Aguiar - assessor Especial da Fazenda']"
Ministério da Economia,Paulo Guedes,2020-01-14 16:40,"Reunião com o presidente da Câmara dos Deputados, Rodrigo Maia ",Local: Ministério da Economia - Bloco P,N/A
Ministério da Economia,Paulo Guedes,2020-01-14 18:00,"Reunião semanal com Paulo Uebel, secretário Especial de Desburocratização, Gestão e Governo Digital",Local: Ministério da Economia – Bloco P,"['Marcelo Guaranys – secretário Executivo', 'Wagner Lenhart - secretário de Gestão e Desempenho de Pessoal', 'Gleisson Rubin - secretário Especial Adjunto de Desburocratização', 'Gestão e Governo Digital', 'Cristiano Heckert - secretário de Gestão', 'Ciro Pitangueira - secretário de Governo Digital', 'Adjunto', 'Marcelo Siqueira - assessor Especial do Ministro', 'Erika Melissa Nassar - diretora de Programa–SE']"
Ministério da Economia,Paulo Guedes,2020-01-14 19:00,"Reunião semanal com Carlos Da Costa, Secretário Especial de Produtividade e Competitividade (Cancelada)",Local: Ministério da Economia – Bloco P,"['Marcelo Guaranys - secretário Executivo', 'Daniella Marques - chefe da Assessoria Especial de Assuntos Estratégicos', 'Bruno Portela - secretário Adjunto da Secretaria de Produtividade', 'Emprego e Competitividade', 'Substituto   ', 'Gustavo Ene - secretário de Desenvolvimento da Indústria', 'Comércio', 'Serviços e Inovação    ', 'Diogo Mac Cord - secretário de Desenvolvimento e Infraestrutura ', 'César Mattos - secretário de Advocacia da Concorrência e Competitividade ', 'Luiza Deusdará - subsecretária de Supervisão e Estratégia  ', 'Fernando Holanda - secretário de Políticas Públicas para Emprego', 'Jorge Hargrave – diretor de Programa  ', 'Kelvia Albuquerque - diretora de Programa – SE       ', 'Marcelo Souza - diretor de Programa- SE/ME', 'Claudio Evangelista de Carvalho - subsecretario de Competitividade e Melhorias', 'Rafaello Abritta - assessor Especial do Ministro', 'Gustavo Sampaio de Arrochela Lobo - diretor de Programa ', 'Fabio Ono - subsecretário de Planejamento da Infraestrutura Subnacional      ', 'Paulo Coelho Ávila - coordenação-Geral de Planejamento da Infraestrutura Subnacional    ']"
Ministério da Economia,Paulo Guedes,2020-01-13 10:00,Reunião-Geral de Secretários do Ministério da Economia,Local: Ministério da Economia – Bloco P,"['Marcelo Guaranys- Secretário-Executivo', 'Miguel Ragone - Secretário-executivo Adjunto', 'Daniella Marques – Chefe da Assessoria Especial de Assuntos Estratégicos', 'Cinara Lima - Chefe de Gabinete do Ministro da Economia', 'José Barroso Tostes Neto - Secretário da Receita Federal', 'Marcelo de Sousa Silva - Secretário da Receita Federal adjunto', 'José Levi - Procurador-Geral da Fazenda Nacional', 'Ricardo Soriano - Procurador-Geral da Fazenda Adjunto', 'Ana Paula Bittencourt - Subprocuradora-Geral da Fazenda Nacional', 'Waldery Rodrigues - Secretário Especial de Fazenda', 'Jeferson Bittencourt - Secretário Especial de Fazenda Adjunto', 'Adolfo Sachsida - Secretário de Política Econômica', 'Mansueto Almeida - Secretário do Tesouro Nacional', 'Carlos Da Costa - Secretário Especial de Produtividade e Competitividade', 'Bruno Portela - Secretário Especial de Produtividade e Competitividade - Adjunto', 'Marcos Troyjo - Secretário Especial do Comércio Exterior e Assuntos Internacionais', 'Yana Dumaresq – Secretário Especial do Comércio Exterior e Assuntos Internacionais Adjunto', 'Paulo Uebel - Secretário Especial de Desburocratização', 'Gestão e Governo Digital', 'Gleisson Rubin - Secretário Especial de Desburocratização', 'Gestão e Governo Digital Adjunto', 'Salim Mattar - Secretário Especial de Desestatização', 'Desinvestimento e Mercados', 'Idalício Silva - Secretário Especial de Desestatização', 'Desinvestimento e Mercados Adjunto', 'Rogério Marinho - Secretário Especial de Previdência e Trabalho', 'Bruno Bianco - Secretário Especial de Previdência e Trabalho Adjunto ', 'Marcelo Siqueira - Assessor Especial do Ministro', 'Bruno Travassos - Chefe da Assessoria  Especial  de Assuntos Parlamentares', 'Vitor Saback - Assessor Especial do Ministro', 'Aloísio Araújo - Assessor Especial do Ministro ', 'Samuel Kinoshita - Assessor Especial do Ministro em SP', 'Gabriela Valente - Chefe da Assessoria Especial de Comunicação Social']"
Ministério da Economia,Paulo Guedes,2020-01-13 12:00,Almoço com os Secretários Especiais,Local: Ministério da Economia – Bloco P,"['Marcelo Guaranys - Secretário-Executivo', 'Daniella Marques – Chefe da Assessoria Especial de Assuntos Estratégicos', 'José Levi - Procurador-Geral da Fazenda Nacional', 'José Barroso Tostes Neto - Secretário Especial da Receita Federal', 'Waldery Rodrigues - Secretário Especial da Fazenda', 'Carlos Da Costa - Secretário Especial de Produtividade e Competitividade', 'Marcos Troyjo - Secretário Especial do Comércio Exterior e Assuntos Internacionais ', 'Paulo Uebel - Secretário Especial de Desburocratização', 'Gestão e Governo Digital ', 'Salim Mattar - Secretário Especial de Desestatização', 'Desinvestimento e Mercados', 'Marcelo Siqueira - Assessor Especial do Ministro ', 'Samuel Kinoshita - Assessor Especial do Ministro em SP']"
Ministério da Economia,Paulo Guedes,2020-01-13 14:00,"Reunião semanal com o secretário especial de Comércio Exterior e Assuntos Internacionais, Marcos Troyjo ",Local: Ministério da Economia – Bloco P,"['Yana Dumaresq - Secretária Especial de Assuntos Internacionais e Comércio Exterior Adjunta', 'Rodrigo Godinho  - Assessor para Assuntos Internacionais', 'Elisa Fraga - Assessora Internacional da SECINT']"
Ministério da Economia,Paulo Guedes,2020-01-13 15:00,"Reunião semanal com o secretário especial da Receita Federal, José Barroso Tostes Neto",Local: Ministério da Economia – Bloco P,"['Marcelo Guaranys – Secretário-Executivo', 'Daniella Marques – Chefe da Assessoria Especial de Assuntos Estratégicos', 'Vanessa Canado  - Assessora Especial para Assuntos Parlamentares ', 'Aloisio Araújo - Assessor Especial do Ministro', 'Samuel Kinoshita - Assessor Especial do Ministro', 'Isaías Coelho - FGV', 'Sandro de Vargas Serpa - Subsecretario da SUTRI/RFB', 'Jonathan José Formiga de Oliveira - Assessor do Gabinete da RFB', 'Claudemir Malaquias - Coordenador-Geral do Cetad', 'Marcelo de Souza - Diretor de Programa da SE']"
Ministério da Economia,Paulo Guedes,2020-01-13 17:00,"Reunião semanal com o secretário especial de Previdência e Trabalho, Rogério Marinho",Local: Ministério da Economia – Bloco P,"['Daniella Marques - Chefe da Assessoria Especial de Assuntos Estratégicos ', 'Rogério Marinho - Secretário Especial de Previdência e Trabalho', 'Renato Vieira - Presidente do INSS', 'Bruno Bianco - Secretário Especial Adjunto de Previdência e Trabalho', 'Bruno Dalcolmo  - Secretário de Trabalho', 'Leonardo Rolim - Secretário de Previdência']"
Ministério da Economia,Paulo Guedes,2020-01-07 00:00,Em período de férias (02/01/2020 a 10/01/2020),N/A,"[' Pacheco dos Guaranys', 'Secretário Executivo do Ministério da Economia', '', 'Agenda disponível em: www.economia.gov.br/agendas/secretaria-executiva/gabinete/marcelo-pacheco-dos-guaranys/']"
